Age,Height,Weight,PE,Valve,Stroke,Others,Diabetes,CHF,Aspirin,Statins,Smoking,Amiodarone,NAT,IBS,rs284277,rs4073778,rs7612445,rs1458038,rs2040862,rs6462079,rs7508,rs10458660,rs12426679,rs883079,rs10873298,rs2834618,rs133902,AF
71,162,73,1,0,0,0,1,0,0,1,0,0,0.00506,0.975264,0,0,0,0,0,0,0,0,0,0,1,0,0,0
59,167.6,90.9,0,0,0,1,0,0,1,1,0,0,0.014395,0.964043,0,2,0,2,0,0,0,0,1,1,1,0,2,0
89,152.4,66.8,0,0,0,1,0,0,1,0,0,0,0.015466,0.157837,2,1,1,0,0,0,0,1,0,0,2,0,0,0
92,162.6,47.7,0,0,0,0,0,0,1,1,0,0,0.021677,0.926438,1,2,1,0,0,0,1,1,2,1,1,0,0,0
79,157.5,79.1,0,0,0,1,1,0,0,1,0,0,0.022263,0.909738,1,0,2,0,1,0,2,0,0,0,0,1,0,0
77,147.3,77.3,0,0,1,0,1,0,1,1,0,0,0.022863,0.905398,0,1,0,0,1,0,0,0,1,1,2,0,2,0
84,165.1,79.5,0,0,0,0,1,0,1,1,0,0,0.027475,0.935836,1,1,1,0,0,1,1,0,1,1,1,0,0,0
78,175.3,97.7,0,0,0,1,0,0,1,1,0,0,0.029207,0.894364,2,1,0,1,0,1,1,1,2,1,2,1,1,0
61,170.2,74.1,0,0,0,0,0,0,1,1,0,0,0.033738,0.428867,2,0,0,0,1,1,0,1,0,1,0,0,0,0
82,152,50,0,0,0,0,0,0,1,1,0,0,0.035904,0.735508,1,2,2,0,0,0,1,1,1,2,2,1,0,0
83,173,86,0,0,0,1,0,0,0,0,1,0,0.038392,0.259101,0,0,0,0,1,0,0,1,1,2,1,1,0,0
67,165.1,67.7,0,0,0,0,0,0,0,0,0,0,0.038875,0.884242,1,1,1,1,1,0,0,0,2,2,2,0,2,0
81,142.2,35,0,0,0,0,1,0,0,1,0,1,0.040061,0.745294,0,2,0,0,0,2,0,0,1,2,0,0,1,0
65,167.6,89.1,0,0,0,0,0,0,0,0,0,0,0.040661,0.926909,1,0,1,0,0,0,1,1,2,0,1,0,0,0
73,175,83,0,0,0,0,1,0,0,0,0,0,0.041627,0.51981,0,0,0,0,0,1,0,0,1,0,0,0,1,1
76,170,70,0,0,1,0,0,0,0,0,0,1,0.042031,0.805081,1,0,0,2,1,1,1,0,1,1,2,2,0,1
70,172.7,77.3,0,0,0,1,0,0,1,1,0,0,0.042452,0.915177,1,2,1,1,0,0,0,0,0,1,2,1,2,0
88,172.7,80.9,0,0,0,1,0,0,1,1,0,0,0.042904,0.267485,0,1,1,0,0,1,0,0,0,1,0,0,0,0
52,170.2,150,0,0,0,1,1,0,1,1,0,1,0.04293,0.423665,2,2,1,1,0,0,0,0,0,0,1,0,1,0
47,185.4,95.5,0,0,0,1,0,0,0,1,0,0,0.043428,0.242818,1,2,1,1,0,1,0,0,2,0,0,0,0,0
65,152.4,71.4,0,0,0,0,1,0,1,1,0,0,0.04503,0.344656,0,0,0,0,0,0,1,0,1,1,0,0,0,0
74,152.4,65.9,0,0,0,0,1,0,1,1,0,0,0.045827,0.912698,0,1,1,0,0,0,1,0,1,1,0,0,0,0
55,170.2,78.6,0,0,0,0,1,0,1,1,0,0,0.04602,0.673475,0,1,0,1,0,0,0,0,1,1,1,0,2,0
80,177.8,61.8,0,0,0,0,1,0,0,1,1,0,0.047337,0.782497,1,0,0,0,0,1,1,0,0,1,1,0,0,0
85,162.6,72.7,0,0,0,0,1,0,1,1,0,0,0.047678,0.885372,0,1,1,1,1,2,0,0,1,2,0,0,1,0
65,180.3,90.9,0,0,0,0,0,0,1,1,0,0,0.048115,0.85474,0,0,0,2,1,0,0,0,0,0,2,0,1,0
63,180.3,86.4,0,0,0,0,0,0,1,1,0,0,0.048257,0.506382,1,2,1,0,0,0,0,0,0,2,1,0,1,0
71,177,108,0,0,0,1,1,0,0,0,0,0,0.048796,0.26465,1,0,0,0,0,0,0,0,0,0,0,0,0,1
62,165.1,72.7,0,0,0,0,1,0,1,1,0,0,0.049033,0.390615,0,0,0,0,0,0,1,0,0,0,0,0,1,0
50,175.3,113.6,0,0,1,1,1,0,0,1,0,0,0.049837,0.233234,0,0,0,0,0,0,1,0,0,1,0,0,2,0
71,160,74.1,0,0,0,0,1,0,0,1,0,0,0.053463,0.635035,1,2,0,0,0,1,0,1,0,2,1,0,1,1
52,165.1,71.4,0,0,0,0,1,0,1,1,0,1,0.053641,0.408183,2,2,1,0,2,1,1,0,1,1,1,0,1,0
85,182,87,0,0,0,0,0,0,0,0,0,0,0.05504,0.851733,1,1,2,1,0,0,2,1,0,2,2,0,2,1
75,177.8,94.5,0,0,0,0,0,0,1,1,0,0,0.055845,0.892288,1,0,1,0,0,0,1,0,2,0,1,1,2,0
71,182,57,0,0,0,1,0,0,1,0,0,0,0.056257,0.812394,1,0,0,0,0,1,1,0,0,1,0,0,0,1
67,157.5,71.8,0,0,0,1,1,0,1,1,0,0,0.058068,0.71529,1,2,1,0,0,0,0,0,1,1,1,1,0,0
81,154.9,50,0,0,0,0,1,0,1,1,0,0,0.058376,0.729551,1,0,1,0,0,0,0,0,0,1,0,0,2,0
67,167.6,71.8,0,0,0,1,1,0,0,1,0,0,0.05843,0.627831,1,2,1,1,0,0,0,1,0,0,0,0,0,0
78,162,80,0,1,0,0,0,0,0,0,0,0,0.05975,0.85262,1,1,0,1,0,0,1,0,1,0,0,2,0,0
62,172.7,90,0,0,0,0,1,0,1,1,0,0,0.060109,0.884657,1,0,0,1,0,1,0,1,1,0,1,0,0,0
59,172,92,0,1,0,0,0,0,1,1,0,0,0.061158,0.876855,1,2,0,0,0,0,1,0,0,0,0,1,0,0
54,149.9,35.9,0,0,0,0,0,0,1,1,0,0,0.061483,0.452619,2,1,0,0,1,0,0,0,0,0,0,0,0,0
61,170.2,70.5,0,0,0,1,1,0,1,1,1,0,0.062371,0.717615,2,1,1,1,1,0,0,0,0,1,2,1,1,0
61,177.8,83.2,0,0,0,0,0,0,1,0,1,0,0.062412,0.784279,1,1,0,0,0,0,0,1,0,1,2,1,2,0
59,172.7,81.8,0,0,0,0,1,0,0,0,0,0,0.062468,0.829218,2,2,0,1,0,1,0,0,1,1,1,0,0,0
83,175.3,80.9,0,0,0,0,0,0,1,1,0,0,0.062704,0.733988,2,1,0,0,0,1,0,0,0,0,0,0,1,0
64,180.3,104.5,0,0,0,0,1,0,1,0,0,0,0.062789,0.879464,0,0,0,1,0,0,0,0,0,0,0,0,2,0
70,167.6,100,0,0,0,0,1,0,0,1,1,0,0.063223,0.904024,0,0,0,0,0,2,0,1,1,1,2,0,0,0
54,157.5,84.1,0,0,0,0,0,0,0,0,0,0,0.063238,0.90403,0,0,0,0,0,2,0,1,1,1,2,0,0,0
82,152.4,39.5,0,0,0,1,0,0,1,1,0,0,0.063343,0.893548,1,0,0,1,0,0,0,0,1,0,1,0,2,0
48,180.3,99.5,0,0,0,1,1,0,1,0,1,0,0.063867,0.594421,1,0,0,0,1,0,0,0,2,1,1,0,0,0
53,188,96.4,0,0,0,0,0,0,1,1,1,0,0.064912,0.440748,1,0,1,1,0,0,1,0,0,1,1,0,0,0
58,175.3,109.1,0,0,0,0,1,0,1,1,0,0,0.065412,0.450417,2,1,2,0,0,0,1,0,0,0,1,0,1,0
71,167.6,95.5,0,0,0,1,0,0,1,0,0,0,0.065651,0.545457,2,1,1,0,1,0,0,1,1,2,1,0,1,0
77,175.3,109.1,0,0,0,0,1,0,1,1,0,0,0.065904,0.453599,2,1,2,0,0,0,1,0,0,0,1,0,1,0
75,172.7,90.9,0,0,0,0,1,0,0,1,0,0,0.065958,0.556882,1,0,1,0,0,1,0,0,1,2,0,0,0,0
82,165,69,0,0,0,0,0,0,0,1,0,0,0.06631,0.830197,1,1,0,0,2,2,0,1,0,1,0,1,2,1
73,154.9,107.3,1,0,0,0,1,0,0,0,0,0,0.066313,0.568308,0,1,1,0,0,1,1,0,0,0,2,1,1,0
72,167.6,85.5,0,0,0,1,1,0,0,0,0,0,0.066611,0.847265,0,1,0,0,0,0,0,0,1,2,1,0,1,0
67,175.3,79.5,0,0,0,0,1,0,0,1,0,0,0.066625,0.604662,2,1,0,0,0,1,1,2,1,0,0,0,1,0
81,167.6,72.7,0,0,0,1,1,0,1,1,0,0,0.066715,0.814241,0,1,0,2,0,0,2,2,0,0,2,0,1,0
77,167.6,60,0,0,0,0,0,0,1,1,0,0,0.06748,0.582566,0,1,1,1,0,0,0,1,1,1,1,0,0,0
81,167,76,0,0,0,0,0,0,0,1,0,0,0.06755,0.269991,0,0,0,0,1,0,0,0,0,1,0,1,1,0
84,167.6,63.6,0,0,0,0,0,0,1,1,0,0,0.067623,0.580846,1,1,1,1,1,1,1,1,0,1,1,0,0,0
53,174.803,64,0,0,0,1,0,0,0,1,0,0,0.067747,0.854437,1,1,0,1,0,1,0,0,1,0,0,1,0,1
88,160,65.5,0,0,0,1,0,0,1,1,0,0,0.068097,0.431761,1,1,1,0,0,1,0,0,1,1,2,1,0,0
73,173,86,0,0,0,0,0,0,0,0,0,0,0.068209,0.891869,0,1,2,0,1,0,1,0,0,2,1,0,0,1
69,170.2,95.5,0,0,0,1,1,0,0,0,0,0,0.068268,0.573828,0,0,1,1,0,0,0,1,0,0,1,0,1,0
78,162.6,84.5,0,0,0,0,1,0,1,1,0,0,0.068346,0.848014,1,2,1,0,0,0,2,1,0,0,0,1,0,0
67,172.7,104.1,0,0,0,1,1,0,0,1,0,0,0.068571,0.436837,0,0,1,0,0,0,0,0,0,1,1,0,1,0
63,165.1,61.4,0,0,0,1,0,1,1,1,0,0,0.068764,0.81228,0,0,0,1,0,0,1,0,1,1,0,0,1,0
63,152.4,76.8,0,0,0,0,1,0,1,1,0,0,0.068874,0.612996,0,1,2,0,0,0,1,1,1,1,2,0,2,0
65,175.3,112.7,0,0,0,1,0,0,1,0,0,0,0.068875,0.777788,1,0,1,1,0,1,1,1,0,0,0,0,2,0
74,170.2,77.7,0,0,0,0,1,0,1,1,0,0,0.069293,0.55708,1,1,0,0,0,0,1,1,1,1,0,1,0,0
74,170.2,74.5,0,0,0,0,1,0,0,1,0,0,0.069412,0.55661,1,1,0,0,0,0,1,1,1,1,0,1,0,0
68,180,84,0,1,0,0,0,0,0,0,0,0,0.069549,0.587306,0,1,2,2,0,1,0,0,0,0,0,0,0,0
83,173,86,0,0,0,0,0,0,0,0,0,0,0.069851,0.480595,0,2,2,1,0,2,2,1,0,0,2,0,2,1
75,175.3,78.2,0,0,0,0,0,0,1,1,1,0,0.069872,0.456338,1,1,0,0,0,0,1,0,1,0,0,0,2,0
78,175,80,0,0,0,1,1,0,1,1,0,0,0.0699,0.336422,1,1,2,0,0,1,1,1,0,1,1,1,0,1
81,170.2,77.3,0,0,0,1,0,0,1,1,0,0,0.07114,0.730808,0,0,1,0,0,0,0,0,0,0,1,0,0,0
61,170.2,97.3,0,0,0,0,1,0,1,1,0,0,0.071197,0.593113,2,0,0,1,0,0,0,1,1,0,0,0,2,0
63,157.5,63.6,0,0,0,0,1,0,0,1,1,1,0.071402,0.405341,0,1,0,0,0,1,1,1,0,1,0,0,1,0
69,175.3,79.5,0,0,0,0,1,0,1,1,1,0,0.072128,0.473194,1,0,0,0,0,1,0,1,0,1,1,0,0,0
83,167,101,0,0,0,1,1,0,0,0,0,0,0.072354,0.695224,0,0,0,0,1,0,0,0,0,0,0,1,0,0
72,162.6,81.8,0,0,0,0,1,0,0,1,1,0,0.072787,0.448871,1,0,0,1,1,1,0,0,2,1,1,0,1,0
85,160,51.8,0,0,0,0,1,0,1,1,0,0,0.072988,0.529683,1,1,0,0,0,1,1,0,0,1,1,0,1,0
58,177.8,102.7,0,0,0,0,0,0,1,0,0,0,0.073186,0.839349,1,1,1,0,0,1,1,1,1,0,0,1,0,0
80,157,74,1,0,0,1,1,1,0,0,0,0,0.073347,0.486482,1,0,1,1,0,1,0,0,0,0,1,1,1,1
66,157.5,130.9,0,0,0,1,1,0,0,1,0,0,0.073455,0.665137,2,1,0,1,1,0,1,2,1,0,1,1,1,0
40,160,88.2,0,0,0,1,1,0,0,1,0,0,0.073667,0.762917,1,1,0,2,0,2,1,0,0,1,1,0,1,0
60,175.3,96.8,0,0,0,1,0,0,1,0,0,0,0.073942,0.746945,1,1,1,0,0,0,0,1,0,0,0,0,1,0
73,162.6,62.7,0,0,0,1,0,0,0,1,0,0,0.074341,0.717281,2,0,1,0,1,0,0,1,1,0,0,0,1,0
62,147.3,68.6,0,0,0,0,1,0,1,1,1,0,0.074677,0.63636,0,1,2,0,0,2,0,2,0,2,1,1,0,0
80,167.6,70.9,0,0,0,1,0,0,0,1,0,0,0.075055,0.449118,0,1,2,0,1,0,0,0,1,1,1,0,1,0
68,160,60,0,0,0,1,0,0,1,1,1,0,0.075226,0.493416,1,2,0,0,0,0,0,0,1,0,1,0,1,0
67,175.3,76.4,0,0,0,1,0,0,0,1,0,0,0.075433,0.64212,1,1,0,1,1,1,0,1,1,1,0,0,1,0
77,167.6,61.8,0,0,0,1,0,0,1,1,0,0,0.075457,0.645973,2,2,2,1,0,0,2,1,1,0,0,0,1,0
74,160,90.9,0,0,0,0,0,0,0,1,0,0,0.075563,0.684133,1,1,1,0,1,1,0,0,0,1,1,0,0,0
60,160,89.1,0,0,0,0,1,0,0,1,0,0,0.075679,0.405489,2,0,1,0,0,2,0,0,1,0,0,1,1,0
76,167.6,78.6,0,0,0,1,1,0,0,0,0,0,0.075979,0.788545,1,1,0,1,1,1,0,0,1,1,1,0,0,0
79,152.4,60,0,0,0,0,1,0,1,1,0,0,0.076557,0.803203,0,1,0,0,0,0,0,0,2,1,1,1,2,0
86,167.6,65.9,0,0,0,1,1,0,1,1,0,0,0.076905,0.804824,2,1,0,0,1,2,0,1,0,0,1,1,0,0
70,157.5,94.5,0,0,0,1,1,0,1,1,0,0,0.077295,0.412276,1,1,0,0,0,0,0,0,1,2,2,0,1,0
79,172,101,0,0,0,0,1,0,0,0,0,0,0.077478,0.812218,0,1,2,2,0,1,1,1,1,2,1,0,0,1
83,170.2,72.7,0,0,0,1,1,0,1,1,0,0,0.078174,0.378442,1,0,1,0,0,1,0,1,2,0,2,0,0,0
77,152.4,60,0,0,0,0,0,0,1,1,0,0,0.078271,0.802569,2,1,0,0,0,0,0,0,2,2,1,0,2,0
52,167.6,84.5,0,0,1,1,1,0,0,1,0,0,0.078279,0.385811,1,0,1,0,0,0,0,0,0,1,0,0,2,0
72,182.9,87.3,0,0,0,0,0,0,0,1,0,0,0.078512,0.846485,2,2,1,1,1,0,0,1,1,1,1,0,1,0
73,162.6,56.4,0,0,0,0,1,0,1,0,0,0,0.078537,0.501794,1,0,2,0,2,0,1,1,0,1,1,0,0,0
79,167,78,0,0,0,0,0,0,0,0,0,0,0.079218,0.762898,0,2,1,2,1,1,0,0,0,0,0,0,1,1
72,177.8,36.4,0,0,0,0,1,0,0,1,0,0,0.079977,0.857243,2,0,1,0,0,1,2,1,1,0,1,0,2,0
61,160,73.6,0,0,0,1,1,0,0,1,0,0,0.08013,0.362827,1,1,0,0,0,1,1,0,0,1,1,0,0,0
74,160,61.8,0,0,0,1,0,0,0,1,0,0,0.080226,0.81065,0,1,0,0,0,0,2,1,1,2,0,0,0,0
74,155,66,0,0,0,0,0,0,0,1,0,0,0.080339,0.542039,0,1,0,1,0,0,0,0,0,0,1,0,0,0
63,162.6,55.9,0,0,0,1,0,0,1,1,0,0,0.080468,0.339303,2,0,2,1,0,0,1,0,0,0,1,0,0,0
66,177.8,82.7,0,0,0,0,1,0,1,1,0,0,0.080571,0.54597,1,1,0,1,0,0,0,1,0,1,2,0,2,0
79,157.5,77.7,0,0,0,0,1,0,0,1,0,0,0.080736,0.536005,2,0,0,0,0,0,0,0,0,0,0,0,1,0
78,175.3,84.1,0,0,0,0,1,0,1,1,0,0,0.080844,0.333728,1,1,2,0,0,0,0,0,0,1,1,0,2,0
73,162.6,72.7,0,0,0,0,0,0,0,0,0,0,0.080941,0.656509,1,1,0,2,0,0,0,0,0,1,2,0,0,0
65,162.6,54.5,0,0,0,0,0,0,1,1,0,0,0.081171,0.341203,2,2,2,1,0,0,1,0,0,0,1,0,0,0
50,170.2,88.6,0,0,1,0,0,0,0,1,1,0,0.081347,0.806242,1,1,0,0,0,1,0,0,2,0,1,0,0,0
74,157.5,65.9,0,0,0,0,1,0,0,1,0,0,0.08272,0.498171,1,1,1,1,1,1,0,2,0,1,1,1,2,0
51,152.4,75,0,0,0,1,0,0,1,1,0,0,0.083327,0.680045,1,0,1,0,0,0,0,0,0,2,0,0,1,0
61,172.7,131.8,0,0,0,0,0,0,0,1,0,0,0.08348,0.803414,1,1,0,0,0,0,0,1,0,1,2,0,1,0
79,167.6,82.3,0,0,0,0,0,0,1,1,0,0,0.083676,0.849001,1,1,0,1,0,2,1,1,1,1,0,0,1,0
84,157.5,78.2,0,0,0,1,1,0,0,1,0,0,0.083689,0.349301,0,0,0,0,0,0,0,0,0,0,0,0,1,0
59,177.8,84.1,0,0,0,0,0,0,1,1,0,0,0.084098,0.853964,1,1,1,1,0,0,1,1,1,0,1,0,1,0
71,180.3,101.4,0,0,0,1,1,0,0,0,0,0,0.084251,0.888393,0,0,0,0,1,0,1,0,1,2,0,0,1,0
79,170.2,96.4,0,0,0,0,0,0,1,1,0,0,0.084415,0.83823,0,1,1,0,0,1,1,0,1,1,1,0,2,0
66,167.6,80,0,0,0,1,1,0,0,0,0,0,0.084588,0.777807,1,2,1,0,0,0,0,0,0,0,1,0,0,0
50,160,81.8,0,0,0,0,1,0,0,1,0,0,0.084816,0.509151,1,1,1,0,0,0,0,0,0,2,2,0,1,0
77,165.1,76.4,0,0,0,0,0,0,1,1,0,0,0.08536,0.79634,1,1,0,0,0,0,0,0,1,0,1,0,0,0
81,154.9,67.7,0,0,0,1,1,0,0,0,0,0,0.085432,0.704432,0,1,0,0,0,2,0,0,1,1,1,0,1,0
81,167.6,65.9,0,0,0,1,1,0,0,1,0,0,0.085825,0.887191,1,1,0,0,0,0,0,0,2,0,0,0,2,0
74,165.1,80.5,0,1,0,0,1,0,0,0,0,0,0.085916,0.811413,0,1,1,1,1,1,2,1,1,1,2,0,2,1
84,154.9,65.9,0,0,0,0,0,0,1,1,0,0,0.085919,0.767703,1,0,2,1,0,1,0,1,1,1,0,1,0,0
82,177,97,0,0,0,1,0,0,0,1,0,0,0.08668,0.598258,1,1,2,0,0,0,2,0,0,1,1,2,0,1
74,177.8,103.6,0,0,0,0,0,0,0,1,0,0,0.086686,0.835371,1,1,1,1,0,0,0,0,0,1,2,0,0,0
52,175.3,95.5,0,0,0,1,1,0,1,1,0,0,0.086706,0.78273,1,1,0,0,0,0,0,0,0,1,1,0,2,0
78,167,87,0,0,0,0,0,0,0,1,0,0,0.086771,0.834899,1,0,0,0,0,2,1,0,0,0,0,0,0,1
66,149.9,71.8,0,0,0,0,0,0,1,1,0,0,0.087369,0.815752,1,0,0,0,1,1,0,0,0,1,0,0,1,0
71,182.9,97.3,0,0,0,0,1,0,0,1,0,0,0.087425,0.724898,1,2,1,1,0,0,0,1,1,1,0,0,0,0
69,167.6,72.7,0,0,0,0,0,0,0,1,0,0,0.087497,0.667343,0,1,0,0,0,0,1,1,0,1,0,0,1,0
50,152.4,79.5,0,0,0,1,1,0,1,0,0,0,0.087746,0.571844,2,1,0,0,0,0,1,0,1,2,2,0,0,0
79,152.4,63.6,0,0,0,1,1,0,0,1,0,0,0.087796,0.607411,1,0,1,0,1,1,0,1,2,2,1,0,1,0
61,167.6,93.6,0,0,0,0,0,0,1,0,0,0,0.087953,0.767588,0,0,1,1,0,1,1,1,0,0,0,0,0,0
87,174,60.9,0,0,0,0,1,0,1,1,0,0,0.088027,0.869683,0,1,1,0,0,0,2,0,0,0,1,0,1,0
68,160,76.4,0,0,0,0,0,0,0,0,0,0,0.088247,0.760902,2,2,1,0,1,1,0,1,2,1,0,0,1,0
61,160,52.3,0,0,0,0,1,0,0,1,1,0,0.088611,0.466705,2,0,1,1,0,0,0,0,0,1,0,0,1,0
76,162.6,90.9,0,0,0,0,1,0,1,1,1,0,0.088967,0.779519,0,2,0,1,0,0,1,1,1,1,0,0,1,0
88,170.2,83.6,0,0,0,0,0,0,0,0,0,0,0.089084,0.826318,2,0,1,1,1,1,0,1,1,0,0,0,0,0
52,167.6,101.4,0,0,0,0,1,0,1,1,0,0,0.089211,0.555955,1,0,0,0,1,1,1,0,0,0,1,0,1,0
78,167.6,77.3,0,0,0,1,1,0,1,1,0,0,0.089241,0.787844,1,2,2,1,0,0,0,0,0,2,0,0,1,0
63,167.6,77.3,0,0,0,0,1,0,1,1,0,0,0.089644,0.86709,2,2,0,1,0,1,1,1,2,1,1,0,1,0
57,160,71.4,0,0,0,0,0,0,1,1,0,0,0.090013,0.656144,2,0,0,1,1,0,0,0,1,1,2,0,1,0
78,165.1,53.6,0,0,0,0,1,0,0,1,0,0,0.090258,0.573401,1,0,0,1,1,1,0,0,0,0,1,0,1,0
66,165.1,72.7,0,0,0,1,1,0,1,1,0,0,0.090265,0.608287,2,2,2,0,1,0,0,0,2,0,1,1,1,0
54,182.9,109.1,0,0,0,0,1,0,1,1,0,0,0.090392,0.827053,1,2,1,0,0,0,0,0,1,0,2,0,0,0
76,170.2,75,0,0,0,0,1,0,0,1,0,0,0.090543,0.499082,2,1,0,0,0,0,1,0,0,1,1,0,2,0
54,172.7,119.1,0,0,0,1,1,0,0,1,0,0,0.090987,0.667771,1,2,1,1,0,1,0,1,0,1,0,0,0,0
77,165.1,54.5,0,0,0,0,1,0,1,0,0,0,0.09144,0.572268,1,0,0,1,1,1,0,0,0,0,1,0,1,0
69,160,57.7,0,0,0,0,0,0,1,1,0,0,0.091453,0.667494,1,1,1,1,0,1,0,0,1,0,1,0,0,0
79,167.6,54.5,0,0,0,1,1,0,1,1,1,0,0.091604,0.52691,0,0,0,1,0,2,1,1,0,1,0,0,1,0
64,162.6,61.8,0,0,0,0,1,0,1,1,0,0,0.091675,0.711348,1,0,2,1,0,0,1,0,0,1,2,0,1,0
54,154.9,80.9,0,0,0,0,1,0,1,1,0,0,0.091828,0.558784,2,1,1,0,0,0,1,0,1,0,0,1,0,0
64,165.1,87.7,0,0,0,0,1,0,1,1,0,0,0.091875,0.617069,1,1,2,0,0,0,0,1,2,0,0,0,0,0
64,172.7,84.5,0,0,1,1,0,0,0,1,1,0,0.091947,0.508204,2,0,1,2,0,2,0,0,1,1,0,0,1,0
63,182.9,86.8,0,0,0,0,0,0,0,1,0,0,0.091999,0.710766,1,0,2,1,0,0,1,0,0,1,2,0,1,0
59,162.6,68.2,0,0,0,0,1,0,1,1,0,0,0.092263,0.793936,2,2,1,0,0,2,2,2,0,0,1,0,2,0
55,162.6,59.1,0,0,0,0,0,0,1,1,0,0,0.092382,0.792774,1,0,0,0,0,0,0,0,2,1,2,0,1,0
65,172.7,63.6,0,0,0,0,0,0,1,1,0,0,0.092402,0.787927,1,1,0,0,1,1,0,1,1,0,0,0,1,0
77,167.6,80.9,0,0,0,1,0,0,0,1,0,0,0.092444,0.856067,1,0,0,0,1,0,1,0,0,1,0,0,1,0
43,160,80,0,0,0,0,0,0,1,1,0,0,0.092482,0.648264,1,2,0,0,0,1,1,1,0,0,1,0,1,0
59,182.9,110,0,0,0,0,0,0,1,1,0,0,0.092501,0.788084,2,1,0,1,1,0,1,1,0,1,0,1,0,0
83,157.5,47.3,0,0,0,0,0,0,1,1,0,0,0.092679,0.843124,0,2,0,1,0,0,0,0,1,0,2,0,1,0
66,165.1,70,0,0,0,0,0,0,0,1,0,0,0.09321,0.632918,1,2,2,1,0,0,2,0,0,1,1,0,1,0
70,152.4,74.5,0,0,0,1,1,0,1,1,1,0,0.093263,0.634391,1,0,0,0,0,1,0,1,0,2,2,0,1,0
65,162.6,79.1,0,0,0,1,0,0,0,1,0,0,0.093316,0.847794,1,0,0,0,0,0,1,1,2,1,2,0,0,0
81,162.6,40.9,0,0,0,1,1,0,1,1,0,0,0.093476,0.842848,2,0,0,1,0,0,0,0,1,0,2,0,1,0
50,167.6,70,0,0,0,1,0,0,1,1,0,0,0.093648,0.820566,0,0,1,0,0,1,0,0,0,1,0,0,2,0
77,157.5,71.8,0,0,0,0,1,0,1,1,1,0,0.093675,0.738867,0,1,0,2,0,0,0,0,0,0,1,0,0,0
51,182.9,95.5,0,0,0,0,1,0,1,1,0,0,0.093815,0.781169,0,2,0,1,2,0,1,0,1,0,1,0,2,0
46,167.6,66.4,0,0,0,0,0,0,0,1,0,0,0.093906,0.650797,2,1,0,1,0,1,0,0,1,2,1,0,0,0
88,157.5,50.5,0,0,0,1,1,0,0,0,0,0,0.094081,0.594798,1,1,0,0,0,1,1,0,0,0,1,1,1,0
54,177,158,0,0,0,0,0,0,0,1,1,0,0.094129,0.79389,0,0,0,0,0,1,0,0,0,0,0,0,0,1
56,175.3,81.8,0,0,0,0,1,0,1,1,0,0,0.094218,0.745879,1,0,0,1,0,0,1,1,0,0,1,0,1,0
65,172.7,89.1,0,0,0,1,1,0,1,1,1,0,0.094299,0.660414,1,0,1,1,0,1,1,2,0,2,0,0,1,0
40,157.5,79.5,0,0,0,1,0,0,0,1,0,0,0.09442,0.797928,0,1,1,0,1,0,0,1,1,1,0,0,1,0
78,172.7,68.2,0,0,0,0,0,0,1,1,0,0,0.094648,0.793708,0,0,0,0,0,0,2,1,0,1,2,0,1,0
94,182.9,95.5,0,0,0,0,0,0,1,1,0,0,0.095078,0.640923,1,0,2,2,0,2,1,0,0,0,0,0,0,0
60,154.9,71.8,0,0,0,0,0,0,1,1,0,0,0.095167,0.847139,1,2,1,1,0,0,0,0,1,0,2,0,1,0
66,177.8,106.4,0,0,0,0,1,0,1,1,0,0,0.095195,0.852857,0,0,0,0,0,0,0,1,1,0,1,0,2,0
79,177.8,111.4,0,0,0,0,1,0,0,1,0,0,0.095572,0.867841,1,1,1,0,0,2,0,0,0,0,2,1,1,0
62,160,61.8,0,0,0,1,0,0,0,0,1,0,0.095694,0.641999,2,1,0,1,0,0,0,1,0,0,0,0,1,0
65,175,87,1,0,0,0,0,0,0,0,0,0,0.095697,0.818619,0,0,0,1,0,0,1,0,0,0,0,0,0,0
76,180.3,75,0,0,0,0,0,0,1,0,0,0,0.0961,0.706148,2,2,1,1,0,0,1,0,0,0,1,0,0,0
72,167.6,74.5,0,0,0,0,0,0,1,1,0,0,0.096195,0.433429,0,0,1,0,0,0,0,1,0,1,0,0,1,0
80,157.5,62.7,0,0,1,1,1,0,1,0,0,0,0.096467,0.737587,1,2,1,1,0,0,0,0,2,0,1,0,1,0
72,157.5,71.4,0,0,0,1,0,0,0,0,0,0,0.096593,0.676783,1,1,1,1,0,0,1,0,1,1,0,0,1,0
66,172.7,78.2,0,0,0,1,0,0,0,0,0,0,0.097106,0.725251,2,0,0,1,1,0,0,1,1,1,1,0,1,0
76,167,86,0,0,0,1,1,0,0,1,0,0,0.097556,0.365982,0,1,2,0,0,0,1,1,0,0,2,0,0,1
68,177.8,93.2,0,0,0,1,1,0,0,1,0,0,0.097758,0.822432,0,1,0,1,0,1,2,1,0,1,1,0,0,1
75,165.1,54.5,0,0,0,1,1,0,1,1,0,0,0.097816,0.756625,0,1,1,0,0,0,0,1,1,1,1,1,1,0
78,170,113,0,0,1,0,1,0,0,1,0,0,0.097821,0.844802,0,0,1,0,1,1,1,1,0,0,0,0,2,1
56,177.8,84.5,0,0,0,0,1,0,0,1,0,0,0.097843,0.667296,0,0,0,2,0,1,0,1,0,0,1,0,0,0
60,165.1,91.8,0,0,0,0,1,0,0,0,0,0,0.098085,0.595888,1,0,1,1,0,0,0,0,1,0,1,0,0,0
78,170,97,0,0,0,1,0,0,0,1,0,0,0.098132,0.789976,0,0,0,1,1,2,0,0,0,0,0,2,2,1
66,162.6,90.9,0,0,0,1,1,0,0,1,0,0,0.098179,0.701649,1,0,0,0,0,0,0,1,0,0,0,0,0,0
75,149.9,50.9,0,0,0,1,1,0,1,1,0,0,0.098392,0.837418,1,1,1,0,0,0,1,1,2,2,1,0,1,0
60,160,84.1,0,0,0,1,0,0,1,1,0,0,0.098459,0.831786,1,0,2,0,1,1,1,0,1,0,1,1,2,0
65,157.5,65.5,0,0,0,0,0,0,0,1,0,0,0.098515,0.770945,0,1,0,0,0,0,1,0,1,0,0,1,0,0
57,182.9,72.7,0,0,0,1,1,0,1,1,1,0,0.098598,0.753855,0,1,1,0,0,1,1,0,1,1,0,0,1,0
70,167.6,99.1,0,0,0,0,0,0,0,0,0,0,0.098636,0.609991,0,1,1,1,0,0,1,1,1,0,1,0,1,0
63,175.3,78.6,0,0,0,1,0,0,1,1,0,0,0.098965,0.740865,0,1,1,0,0,0,1,1,0,2,2,0,1,0
68,172.7,90.9,0,0,0,0,1,0,1,1,0,0,0.099293,0.623337,0,0,2,1,0,0,0,0,1,0,1,0,0,0
48,162.6,72.7,0,0,0,0,0,0,0,0,0,0,0.099333,0.796739,1,0,0,0,0,1,0,1,2,1,2,0,1,0
66,162.6,60,0,0,0,1,1,1,1,1,0,0,0.099527,0.781676,2,0,1,1,0,1,1,0,1,0,1,0,1,0
70,167.6,100,0,0,0,1,1,0,1,1,0,0,0.099533,0.740958,0,1,0,0,0,0,0,0,1,0,0,0,1,0
86,172.7,78.6,0,0,0,0,1,0,0,1,0,0,0.099874,0.779074,2,0,1,1,0,0,1,0,0,0,1,0,1,0
60,172.7,106.8,0,0,0,0,1,0,1,1,0,0,0.100023,0.562351,1,1,1,0,0,0,0,0,0,0,2,0,1,0
84,175.3,88.6,0,0,0,0,1,0,1,0,1,0,0.10018,0.824343,1,1,0,0,0,1,0,0,0,0,1,0,0,0
63,165.1,74.5,0,0,0,1,0,0,0,1,1,0,0.100239,0.634438,1,2,1,2,0,1,0,0,2,1,1,0,1,0
58,165,128,0,0,0,0,0,0,0,0,0,0,0.100493,0.789519,0,0,1,0,0,1,0,0,1,0,0,0,1,1
58,162.6,85.9,0,0,0,1,0,0,1,1,0,0,0.100645,0.851763,0,1,1,1,0,0,1,2,2,1,0,0,1,0
59,172.7,90.9,0,0,0,1,1,0,0,0,0,0,0.100714,0.731223,2,1,0,1,0,1,0,2,1,2,1,0,1,0
70,165,63,0,0,1,1,0,0,0,1,0,0,0.10073,0.681442,0,1,1,1,1,0,0,0,1,1,0,0,1,0
63,177,120,0,0,0,0,1,0,0,1,0,0,0.100744,0.619547,0,0,0,0,0,1,0,1,0,0,0,1,1,1
75,172,86,0,0,0,0,0,0,0,0,0,0,0.100831,0.762523,2,0,0,1,0,0,1,1,0,0,0,0,1,1
71,172.7,84.1,0,0,0,0,0,0,1,1,0,0,0.100858,0.621447,1,1,1,1,0,0,0,1,1,1,1,1,0,0
59,172.7,95.5,0,0,0,0,1,0,1,1,0,0,0.100865,0.59461,0,0,1,0,0,1,1,0,1,1,1,0,1,0
72,160,75,0,0,0,0,0,0,0,1,0,0,0.101023,0.824229,1,2,1,1,0,1,0,0,0,2,1,1,2,0
81,165.1,89.1,0,0,0,0,1,0,0,0,0,1,0.101073,0.772631,1,0,1,0,0,2,1,1,1,2,2,0,0,0
68,170.2,59.1,0,0,0,0,1,0,1,0,0,0,0.101119,0.753454,1,1,0,0,0,0,0,0,1,0,0,0,0,0
42,180,109,1,0,0,0,0,0,0,0,0,0,0.101222,0.788907,1,0,1,1,0,1,0,0,2,1,1,0,0,0
57,162.6,60,0,0,0,0,0,0,1,1,0,0,0.101401,0.868004,1,2,0,0,0,0,1,0,1,2,1,0,2,0
71,162.6,65,0,0,0,0,0,0,1,1,0,0,0.101753,0.841631,1,0,0,0,0,1,0,1,0,1,1,0,0,0
68,175.3,104.5,0,0,0,0,1,0,0,1,0,0,0.102061,0.564835,2,1,2,0,1,2,0,0,1,0,0,1,2,0
69,177.8,86.4,0,0,0,0,0,0,1,1,0,0,0.102089,0.813305,2,1,0,1,0,1,2,0,2,0,1,0,1,0
64,180.3,102.3,0,0,0,1,1,0,1,1,1,0,0.102232,0.799078,1,1,1,0,0,0,1,0,1,0,0,1,2,0
81,165.1,48.6,0,0,0,0,0,0,0,1,0,0,0.102325,0.740314,1,1,1,0,0,0,0,1,1,1,1,0,1,0
66,162.6,84.5,0,0,0,1,1,0,1,1,0,0,0.102379,0.826534,1,1,0,0,1,0,2,0,0,1,1,1,2,0
60,175.3,72.7,0,0,0,1,0,0,1,0,0,0,0.102465,0.700521,1,0,0,0,0,1,1,1,0,0,2,0,1,0
56,172.7,88.6,0,0,0,0,1,0,1,1,1,0,0.10251,0.798583,1,1,1,1,0,1,1,0,1,1,0,1,0,0
73,154.9,94.5,0,0,0,0,0,0,1,1,0,0,0.102528,0.697359,0,1,1,1,1,0,0,0,0,1,1,0,0,0
79,157.5,61.4,0,0,0,0,1,0,0,1,0,0,0.102584,0.756912,0,0,1,2,0,0,1,0,1,1,2,0,2,0
56,182.9,88.2,0,0,0,1,1,0,1,0,0,0,0.102805,0.489239,0,2,0,0,0,0,0,0,0,0,2,0,1,0
68,167.6,92.3,0,0,0,0,1,0,1,0,0,0,0.102817,0.859182,1,1,1,1,0,1,0,0,0,2,0,1,1,0
73,167.6,109.1,0,0,0,1,0,0,1,1,0,0,0.102947,0.775141,0,1,1,0,0,0,0,1,2,2,1,0,0,0
60,177.8,131.4,0,0,0,0,1,0,1,1,0,0,0.103011,0.594285,1,2,0,0,0,0,0,0,1,1,2,0,0,0
64,170.2,85.5,0,0,0,1,0,0,0,0,0,0,0.103072,0.777679,0,0,1,1,0,0,0,0,1,1,0,0,2,0
59,157.5,60,0,0,0,0,1,0,1,0,0,0,0.103385,0.772393,2,2,2,1,0,0,0,1,0,0,1,0,1,0
55,172.7,59.1,0,0,0,0,0,0,0,0,0,0,0.103403,0.827614,2,1,1,1,0,1,0,1,2,1,2,0,0,0
70,149.9,63.6,0,0,0,1,1,0,1,1,0,0,0.103577,0.85123,2,0,1,0,0,1,2,0,1,1,0,2,0,0
60,175.3,90.9,0,0,0,1,0,0,1,1,0,0,0.103577,0.620763,2,2,0,0,0,0,0,2,0,1,1,0,0,0
70,160,96.4,0,0,0,1,1,0,1,1,0,0,0.103629,0.575904,0,2,0,0,0,0,0,0,0,0,0,0,2,0
63,160,77.3,0,0,0,0,0,0,0,1,0,0,0.104146,0.78007,0,1,1,1,0,1,0,0,1,0,1,0,0,0
80,180.3,59.1,0,0,0,1,1,0,1,1,0,0,0.104253,0.649606,1,1,0,0,0,0,2,0,0,1,0,0,0,0
71,162.6,81.8,0,0,0,1,1,0,1,1,0,0,0.104425,0.811505,1,0,0,0,1,0,1,0,1,2,1,0,1,0
54,157,95,0,0,1,1,0,1,1,1,0,0,0.104449,0.575852,0,0,0,1,0,1,0,0,1,0,1,1,1,1
72,134.6,60,0,0,0,1,1,0,1,1,0,0,0.104475,0.608869,0,0,0,0,0,0,0,0,1,1,1,0,1,0
71,157.5,73.6,0,0,0,0,1,0,0,1,0,0,0.104576,0.75634,2,1,0,1,0,0,1,0,1,1,0,0,0,0
79,175,95,1,0,0,1,1,1,0,1,0,0,0.104804,0.74105,1,0,0,0,1,2,1,1,0,1,2,0,0,1
66,165.1,72.7,0,0,0,1,0,0,1,0,0,1,0.104894,0.776622,0,1,1,0,0,0,1,0,0,0,2,0,0,0
47,154.9,100,0,0,0,0,0,0,1,1,0,0,0.105004,0.715252,2,0,1,1,0,0,1,0,0,2,1,0,0,0
73,170.2,75.9,0,0,0,0,0,0,0,1,0,1,0.105115,0.662485,0,0,0,0,0,0,0,0,0,0,1,0,1,0
67,157.5,53.2,0,0,0,1,1,0,0,0,0,0,0.105217,0.651961,1,0,1,0,0,0,1,0,1,1,1,2,0,0
63,165.1,89.1,0,0,0,1,1,0,0,1,0,0,0.105231,0.792333,2,0,1,0,0,1,0,1,1,1,1,0,2,0
75,172,88,0,0,0,1,0,0,0,1,0,0,0.105235,0.757698,0,0,1,0,0,0,0,0,0,1,0,0,1,1
72,157.5,57.7,0,0,0,1,1,0,1,1,0,0,0.105285,0.765347,1,1,1,0,0,0,0,1,2,0,0,0,2,0
70,157.5,93.2,0,0,0,1,1,0,0,1,0,0,0.105331,0.725669,0,2,0,0,0,1,0,1,2,1,1,0,1,0
81,157,76,0,0,0,0,0,1,0,1,0,0,0.105548,0.726131,1,1,1,0,1,1,1,0,0,0,0,0,0,1
84,152.4,63.2,0,0,0,0,1,0,1,0,0,0,0.105622,0.613186,1,1,1,0,0,0,0,1,0,1,1,0,0,0
50,157.5,71.4,0,0,0,0,0,0,1,1,1,0,0.105639,0.706559,1,1,0,0,0,0,0,1,1,2,1,0,1,0
91,157.5,61.4,0,0,0,1,1,0,0,1,0,0,0.105781,0.73284,1,0,0,0,1,2,0,1,0,1,1,0,2,0
68,160,79.1,0,0,0,0,1,0,1,1,1,0,0.106139,0.601534,2,1,0,0,0,0,1,0,0,0,0,0,1,0
68,175.3,80.5,0,0,0,1,1,0,1,1,0,0,0.106446,0.607184,0,1,0,0,0,0,2,1,1,1,2,1,1,0
72,167,71,0,0,0,0,0,0,0,1,0,0,0.10657,0.776316,0,2,0,1,0,2,0,0,2,1,0,2,1,1
82,170,99,0,0,0,1,1,0,0,0,1,0,0.106608,0.636941,0,1,1,0,0,0,1,0,0,1,0,0,0,0
71,165.1,95.5,0,0,0,0,0,0,1,1,0,0,0.106783,0.654701,1,1,1,0,0,0,0,0,0,1,1,0,2,0
87,154.9,70.5,0,0,0,0,1,0,1,1,0,0,0.106799,0.770153,1,2,0,1,0,1,2,0,2,0,0,0,0,0
84,142.2,45.5,0,0,0,1,0,0,1,1,0,0,0.107025,0.817503,1,1,0,0,0,0,1,0,2,0,1,0,0,0
87,160,53.6,0,0,0,1,0,0,1,1,0,0,0.107106,0.813481,1,2,0,1,0,0,1,0,0,1,0,1,0,0
50,149.9,72.7,0,0,0,1,1,0,1,0,0,0,0.107174,0.70482,1,1,0,0,0,1,1,0,0,1,0,0,1,0
53,165.1,58.2,0,0,0,0,0,0,0,0,0,0,0.107192,0.760461,0,1,0,1,0,0,0,1,0,1,1,0,0,0
33,167.6,68.2,0,0,0,1,0,0,1,1,1,0,0.107223,0.706932,0,1,1,0,0,1,1,0,0,1,0,0,0,0
84,160,54.5,0,0,0,1,1,0,1,0,0,0,0.107253,0.706888,0,1,1,0,0,1,1,0,0,1,0,0,0,0
76,172,103,0,0,0,0,0,0,0,0,0,0,0.107465,0.725372,0,0,0,0,1,0,0,0,0,0,0,0,0,1
57,152.4,101.4,0,0,0,1,0,0,1,1,0,0,0.107596,0.771865,1,1,0,1,0,0,1,0,1,0,0,0,1,0
76,157.5,70.9,0,0,0,0,1,0,1,1,0,0,0.107989,0.755549,1,1,0,0,0,1,1,0,1,0,0,0,0,0
78,157.5,72.7,0,0,1,1,0,0,1,1,0,0,0.108239,0.753273,0,1,0,0,0,0,1,0,1,1,0,0,0,0
72,167.6,75,0,0,0,0,0,0,1,1,0,0,0.108351,0.832114,1,1,0,2,0,0,1,1,1,0,0,0,2,0
76,175.3,77.3,0,0,0,0,0,0,1,1,1,0,0.108556,0.667623,2,2,1,0,0,1,1,0,0,1,0,0,2,0
64,160,106,0,0,0,0,0,1,0,0,0,0,0.108848,0.664721,1,2,0,2,1,2,1,1,0,1,1,1,1,1
86,152.4,63.6,0,0,0,0,1,0,1,1,0,0,0.108862,0.736299,2,1,0,1,0,1,0,0,1,0,2,0,0,0
66,160,77.3,0,0,0,1,1,0,0,1,0,0,0.109688,0.669298,2,1,1,0,1,0,0,1,0,0,1,0,0,0
74,170,76,1,0,0,0,1,0,0,0,0,0,0.110313,0.79135,0,2,1,1,0,0,0,1,1,2,1,0,2,0
76,160,87.7,0,0,0,0,1,0,1,0,0,0,0.110348,0.618658,1,1,0,1,1,1,1,0,1,1,2,0,1,0
60,167.6,80,0,0,0,0,1,0,1,1,0,0,0.110956,0.728374,1,1,1,0,0,0,0,0,1,0,0,0,0,0
74,162.6,81.8,0,0,0,0,0,0,0,0,0,0,0.110971,0.811527,1,2,1,0,0,1,0,1,1,1,1,0,2,0
49,190.5,125,0,0,0,0,1,0,1,1,0,0,0.111046,0.565829,0,1,0,0,0,0,0,0,1,0,2,1,0,0
63,152.4,75.9,0,0,0,1,1,1,0,1,0,0,0.111388,0.654283,1,1,1,0,1,0,1,0,1,2,2,0,1,0
79,172,99,0,0,0,1,0,0,0,1,0,0,0.111529,0.794831,0,0,0,0,0,1,0,0,0,0,0,0,0,1
79,165,65,0,0,1,1,0,1,0,1,0,0,0.111852,0.675624,0,1,0,0,1,0,2,1,1,1,1,0,1,1
67,157.5,103.6,0,0,0,1,1,0,1,0,0,1,0.11189,0.726008,1,1,0,0,0,0,0,2,2,1,0,1,1,0
74,167.6,77.3,0,0,1,1,1,0,0,1,0,0,0.111917,0.757311,1,0,0,0,2,0,0,1,1,1,0,0,1,0
70,149.9,69.5,0,0,0,1,0,0,0,0,0,0,0.111956,0.767182,1,0,0,1,0,0,1,1,1,1,0,1,1,0
73,170.2,53.6,0,0,0,0,0,0,1,1,0,0,0.111957,0.320701,2,1,1,0,1,1,0,1,1,1,1,0,0,0
97,175,82,0,0,0,0,0,0,0,0,0,0,0.11201,0.683107,0,1,2,1,2,1,1,2,1,1,0,2,2,0
58,177,130,0,0,0,0,0,0,0,1,0,0,0.112531,0.792431,0,2,0,1,1,0,0,0,0,1,1,1,0,0
79,172,75,0,0,0,0,0,0,0,1,0,0,0.112718,0.727007,1,1,0,1,2,1,2,1,0,1,0,0,0,1
78,154.9,69.1,0,0,0,0,0,0,1,1,0,0,0.112758,0.764398,1,2,0,0,0,0,2,0,0,0,0,1,0,0
48,188,86.4,0,0,0,1,0,0,1,1,0,0,0.112852,0.602187,0,1,0,0,1,1,1,2,1,0,0,0,1,0
51,180.3,88.6,0,0,0,0,1,0,1,1,0,0,0.112939,0.771433,0,2,1,0,0,1,2,0,1,1,1,0,0,0
70,157.5,64.5,0,0,1,1,0,0,0,0,1,0,0.113178,0.688231,0,0,1,2,1,1,1,0,2,1,2,0,1,0
85,177.8,93.2,0,0,0,0,0,0,1,1,0,0,0.113179,0.78964,1,0,1,1,1,0,1,0,1,1,0,1,1,0
55,154.9,81.8,0,0,1,1,1,0,1,1,0,0,0.113213,0.800371,0,0,0,1,0,1,0,1,1,0,1,2,1,0
69,182,95,0,0,0,0,1,0,0,0,0,0,0.113491,0.790268,0,0,0,0,0,0,0,0,0,0,0,0,1,1
62,162.6,112.7,0,0,0,0,1,0,0,1,1,0,0.113533,0.635108,0,0,0,0,1,1,0,1,1,1,1,0,0,0
37,177.8,93.2,0,0,0,1,1,0,1,1,0,0,0.113829,0.796355,1,1,1,1,0,0,0,0,0,2,0,0,1,0
78,152.4,54.5,0,0,0,1,1,0,0,1,0,0,0.113941,0.743732,1,1,1,0,0,2,0,0,1,1,1,0,0,0
49,175.3,90.9,0,0,0,0,0,0,1,1,0,0,0.114047,0.72309,1,1,0,0,0,0,1,1,1,1,0,0,0,0
87,170,81,0,0,0,0,0,0,0,1,0,0,0.114218,0.671695,1,1,0,1,0,1,1,1,1,1,2,1,0,1
59,157.5,66.8,0,0,0,0,0,0,1,0,1,0,0.114298,0.621153,1,1,0,0,1,1,0,0,1,0,1,0,0,0
68,165.1,65,0,0,0,1,1,0,0,1,0,0,0.114381,0.782178,1,1,0,2,0,1,0,0,1,0,2,0,1,0
49,152.4,85.5,0,0,0,0,0,0,1,1,1,0,0.114494,0.646324,1,2,1,1,0,0,0,1,1,0,0,0,0,0
74,157.5,65.5,0,0,0,0,1,0,1,1,0,0,0.114603,0.713574,0,0,0,0,0,1,1,0,0,0,2,0,0,0
69,175,97,0,1,0,1,0,0,0,1,0,0,0.114605,0.790475,1,2,0,1,0,0,1,1,0,0,1,1,0,1
50,180.3,95.5,0,0,0,0,1,0,0,0,0,0,0.114857,0.809177,1,0,1,1,0,0,1,0,1,1,2,0,1,0
66,172.7,80,0,0,0,0,1,0,1,1,1,0,0.114876,0.818721,0,1,0,0,0,0,1,0,1,0,2,1,0,0
70,175,92,0,0,0,1,0,0,0,0,0,0,0.114932,0.548667,0,0,0,0,1,0,0,0,0,1,0,1,0,1
79,160,69.1,0,0,0,0,1,0,1,1,0,0,0.114967,0.69497,0,1,1,1,0,0,1,0,1,0,1,0,1,0
56,162.6,99.1,0,0,0,0,1,0,0,1,0,0,0.114983,0.779321,0,0,2,0,1,1,0,0,1,2,0,0,2,0
50,157.5,100,0,0,0,1,0,0,1,1,0,0,0.115129,0.800939,1,0,0,1,0,0,1,0,2,0,2,0,1,0
81,170,82,0,0,1,0,0,0,0,1,0,0,0.115296,0.714153,0,0,2,1,0,1,0,1,1,2,2,1,0,1
78,157.5,60.5,0,0,0,0,0,0,0,1,0,0,0.115348,0.778291,2,1,0,0,2,1,1,1,1,1,1,1,1,0
62,167.6,76.4,0,0,0,0,1,0,1,1,1,0,0.115434,0.802996,1,1,1,0,0,0,1,1,1,0,2,0,2,0
40,154.9,69.1,0,0,0,1,0,0,1,0,0,0,0.115454,0.812372,1,1,0,0,0,1,0,0,1,1,1,0,1,0
73,162.6,77.3,0,0,0,0,0,0,0,0,0,0,0.115454,0.741538,1,1,0,0,1,1,0,0,1,2,0,0,2,0
74,170.2,69.1,0,0,0,0,0,0,1,1,0,0,0.115483,0.758194,0,2,1,0,0,1,2,0,1,2,1,1,1,0
69,177.8,81.8,0,0,0,0,1,0,1,1,0,0,0.11572,0.737359,0,1,1,1,0,0,0,0,1,1,1,0,0,0
79,162.6,70,0,0,0,1,0,0,0,0,0,0,0.115876,0.716919,1,2,0,1,0,1,2,0,1,0,1,0,0,0
63,165,75,0,0,0,0,0,0,0,0,0,0,0.115883,0.71534,1,0,0,0,0,2,1,0,1,0,0,1,1,1
78,177.8,90.9,0,0,0,0,0,0,1,1,0,0,0.116081,0.657366,2,1,1,1,0,0,0,0,2,1,0,0,1,0
76,162.6,73.2,0,0,0,0,1,0,0,1,0,0,0.116093,0.712107,1,0,0,1,0,1,0,1,1,1,0,1,1,0
73,165.1,58.6,0,0,1,1,0,0,1,1,1,0,0.116153,0.720301,1,0,1,0,0,1,0,0,0,1,0,0,0,0
69,175.3,86.4,0,0,0,0,1,0,1,0,1,0,0.116185,0.767962,1,1,0,1,0,1,0,0,0,1,2,0,2,0
71,180.3,55.9,0,0,0,1,0,0,0,0,1,0,0.116274,0.814064,1,0,1,1,0,0,1,0,0,0,0,0,0,0
75,175.3,72.7,0,0,0,1,0,0,1,0,0,0,0.116438,0.754943,0,0,1,0,0,0,0,0,1,1,0,0,1,0
64,165.1,65.9,0,0,0,0,0,0,1,1,0,0,0.11672,0.582697,1,1,1,0,0,0,0,0,0,2,2,0,1,0
82,160,64.5,0,0,0,1,0,0,1,1,0,0,0.116838,0.8035,0,1,1,1,0,0,1,0,0,1,2,0,0,0
77,154.9,77.3,0,0,0,1,1,0,1,1,0,0,0.116889,0.635451,0,2,0,0,1,0,1,1,0,0,0,0,2,0
66,152.4,72.7,0,0,0,1,0,0,1,1,0,0,0.116991,0.76532,1,0,1,0,0,0,1,0,1,0,1,0,1,0
53,167.6,118.2,0,0,0,1,0,0,0,1,0,0,0.117238,0.682193,1,1,1,0,0,1,2,1,0,1,0,0,0,0
71,167.6,59.1,0,0,0,1,1,0,1,1,0,0,0.117542,0.775825,1,2,1,0,0,1,0,1,2,1,0,0,1,0
67,175.3,80,0,0,0,0,1,0,0,1,0,0,0.117586,0.774887,1,1,0,1,0,0,0,1,0,0,2,0,1,0
86,149.9,43.2,0,0,0,0,0,0,1,1,0,0,0.117827,0.82745,0,0,1,2,0,1,1,1,1,2,0,0,1,0
66,167.6,84.5,0,0,0,0,0,0,1,0,0,0,0.117932,0.754103,0,0,0,0,0,1,0,1,0,1,2,0,0,0
68,177,113,0,0,0,0,1,0,0,0,0,0,0.117937,0.81558,0,1,2,0,2,2,1,1,1,1,2,2,1,1
76,167.6,99.1,0,0,0,1,0,0,1,0,0,0,0.118468,0.683231,1,0,1,1,0,2,0,0,0,1,0,0,2,0
73,165.1,70,0,0,0,0,1,0,0,1,1,0,0.118485,0.822191,0,0,0,0,0,1,0,1,1,1,1,0,2,0
78,167,73,0,0,0,1,0,0,0,1,0,0,0.119293,0.58449,1,1,1,0,0,0,2,1,1,1,0,2,1,1
68,167.6,83.6,0,0,0,1,0,0,0,1,0,0,0.1197,0.710745,1,2,0,0,0,0,1,0,0,1,0,0,1,0
65,154.9,80.9,0,0,0,0,1,0,1,1,0,0,0.120011,0.64792,2,0,0,0,0,0,1,0,1,2,1,0,0,0
80,149.9,69.5,0,0,0,0,0,0,0,1,0,0,0.120095,0.761871,1,1,0,0,1,0,1,0,2,0,0,0,0,0
82,160,68.2,0,0,0,0,1,0,1,1,0,0,0.120126,0.608497,1,1,1,0,0,1,0,0,1,0,0,1,1,0
54,182.9,100,0,0,0,1,1,0,1,0,0,0,0.120304,0.699602,1,1,0,1,0,0,0,0,1,2,1,0,1,0
66,152.4,61.4,0,0,0,1,0,0,1,1,0,0,0.120521,0.62985,1,1,1,0,0,0,1,1,1,2,1,0,2,0
66,160,51.8,0,0,0,0,1,0,1,1,1,0,0.12114,0.491955,1,1,0,0,1,0,0,0,0,0,0,0,1,0
53,162.6,84.1,0,0,0,1,1,0,1,1,0,0,0.121179,0.69895,1,0,0,1,0,0,2,0,1,1,1,0,1,0
68,167.6,72.7,0,0,0,1,1,0,0,1,0,0,0.12128,0.786303,2,0,1,0,0,1,0,1,1,1,1,0,0,0
85,170,78,0,0,1,1,1,0,0,1,0,0,0.121477,0.816689,0,0,0,1,0,0,0,0,0,0,0,1,0,1
66,188,100.5,0,0,0,0,1,0,0,0,0,0,0.121525,0.746148,0,2,0,1,0,1,1,0,0,2,1,0,0,0
71,177.8,95.5,0,0,0,1,1,0,0,1,0,0,0.121797,0.585633,1,0,0,0,0,2,0,1,0,0,1,0,1,0
52,175.3,75,0,0,0,1,1,0,0,1,0,0,0.121915,0.740778,0,2,2,1,0,0,1,1,0,1,1,0,2,0
71,167,59,0,0,1,0,1,0,0,1,1,0,0.122216,0.650189,1,0,1,1,1,0,1,2,2,0,0,1,1,1
66,170.2,81.8,0,0,0,1,1,0,1,0,1,0,0.122424,0.82853,1,1,1,0,0,0,1,0,0,0,0,1,0,0
69,165.1,88.2,0,0,0,1,1,0,1,0,0,0,0.122472,0.677755,0,0,1,0,1,0,0,0,2,0,2,0,1,0
40,180.3,120.9,0,0,0,0,1,0,1,1,0,0,0.122758,0.663297,1,1,1,1,0,1,2,2,1,1,1,0,1,0
73,157.5,59.1,0,0,0,0,1,0,1,0,0,0,0.12283,0.5255,1,0,1,0,0,0,1,1,1,1,0,0,2,0
63,175,105,0,0,0,0,0,0,0,1,0,0,0.122883,0.710622,1,1,2,1,1,1,1,0,1,1,2,0,1,1
61,160,64.1,0,0,0,1,0,0,0,0,0,0,0.123205,0.620258,1,0,0,0,0,1,0,1,0,1,0,0,1,0
66,160,67.3,0,0,0,0,1,0,1,1,0,0,0.123243,0.729312,1,0,1,0,0,0,0,0,1,1,1,0,0,0
64,172.7,86.4,0,0,0,1,0,0,1,1,0,0,0.123352,0.610297,0,0,0,0,0,1,1,1,2,2,2,0,0,0
66,167.6,72.7,0,0,0,0,1,0,1,1,1,1,0.123507,0.778389,0,1,0,2,0,0,1,0,1,1,0,0,1,0
78,172,87,0,0,0,0,0,0,0,1,0,0,0.123521,0.716212,0,0,0,1,0,0,0,1,0,0,0,1,0,1
79,152.4,70,0,0,0,0,1,0,0,1,0,0,0.123572,0.815923,0,1,1,0,0,0,1,1,1,2,0,1,2,0
59,154.9,67.7,0,0,0,0,1,0,1,1,0,0,0.123583,0.528336,0,0,1,0,0,1,2,0,1,1,1,0,1,0
63,170,68,0,0,0,0,0,0,0,1,0,0,0.123961,0.696256,0,1,1,1,1,0,2,2,1,0,0,1,1,0
65,147.3,63.6,0,0,0,1,0,0,1,0,0,0,0.124062,0.767481,1,2,1,1,0,1,1,1,0,2,0,0,2,0
74,172.7,60,0,0,0,0,0,0,1,1,1,0,0.124103,0.807574,0,2,2,1,0,0,0,1,0,0,1,0,1,0
75,165.1,63.6,0,0,0,1,0,0,1,1,0,0,0.124383,0.802342,0,1,0,2,0,0,1,1,1,1,0,1,2,0
73,157.5,63.6,0,0,0,0,0,0,1,1,0,0,0.124388,0.657351,1,1,1,0,1,0,0,1,1,0,0,0,2,0
81,157.5,62.7,0,0,0,0,0,0,0,1,0,0,0.124417,0.801226,0,0,0,0,0,0,0,0,1,0,1,0,2,0
62,165.1,97.7,0,0,0,0,1,0,1,1,0,0,0.124519,0.762332,0,0,0,1,0,0,0,1,0,2,1,0,0,0
68,167.6,75,0,0,0,0,0,0,0,1,0,0,0.124575,0.680048,2,1,0,1,0,1,0,1,1,1,0,0,1,0
74,170.2,77.3,0,0,0,0,1,0,1,1,0,0,0.124701,0.680772,2,2,1,1,0,0,0,0,0,1,1,1,1,0
58,177,83,0,0,0,0,0,0,0,0,1,0,0.125031,0.728113,0,1,0,1,0,0,0,0,0,0,1,2,0,0
76,154.9,50,0,0,0,0,1,0,1,1,0,0,0.125136,0.775362,1,0,0,0,0,0,1,0,1,0,2,0,1,0
75,167.6,79.5,0,0,0,0,0,0,1,1,0,1,0.125153,0.686976,1,2,2,2,0,0,2,0,0,0,2,0,1,0
81,175,82,0,0,0,0,0,0,0,1,1,0,0.125294,0.717211,1,1,1,1,0,0,0,0,0,0,1,0,0,0
65,157.5,59.1,0,0,0,0,1,0,0,1,0,0,0.125321,0.784327,1,2,2,1,0,0,0,0,1,0,2,1,1,0
66,170.2,71.4,0,0,0,0,1,0,0,0,0,0,0.125538,0.767261,1,1,1,0,0,0,0,0,0,1,1,0,0,0
64,175,95,0,0,0,0,0,0,0,0,0,0,0.125543,0.715574,0,1,2,2,0,1,0,0,1,0,1,0,1,0
78,170.2,72.7,0,0,0,0,0,0,0,1,0,0,0.12557,0.792128,2,1,1,0,0,0,1,1,1,1,1,0,2,0
51,167.6,98.6,0,0,0,1,1,0,1,1,0,0,0.12563,0.724855,1,1,1,0,0,1,1,0,1,0,0,0,1,0
52,167.6,104.5,0,0,0,1,1,0,0,0,0,0,0.125777,0.667143,1,0,1,1,0,0,1,1,0,1,0,0,1,0
75,162.6,64.1,0,0,0,0,1,0,0,0,0,0,0.125802,0.74621,1,1,0,0,0,1,0,2,1,1,2,0,2,0
74,160,ĸĸĸĸĸĸĸĸĸĸĸĸĸĸĸĸĸĸĸĸĸĸĸĸĸĸĸĸĸĸĸĸĸĸĸĸĸĸĸĸĸĸĸĸĸĸĸĸĸĸĸĸĸĸĸĸĸĸĸĸĸĸĸĸĸĸĸĸĸĸĸĸĸĸĸĸĸĸĸĸĸĸĸĸĸĸĸĸĸĸĸĸĸĸĸĸĸĸĸĸĸĸĸĸĸĸĸĸĸĸĸĸĸĸĸĸĸĸĸĸĸĸĸĸĸĸĸĸĸĸĸĸĸĸĸĸĸĸĸĸĸĸĸĸĸĸĸĸĸĸĸĸĸĸĸĸĸĸĸĸĸĸĸĸĸĸĸĸĸĸĸĸĸĸĸĸĸĸĸĸĸĸĸĸĸĸĸĸĸĸĸĸĸĸĸĸĸĸĸĸĸĸĸĸĸĸĸĸĸĸĸĸĸĸĸĸĸĸĸĸĸĸĸĸĸĸĸĸĸĸĸĸĸĸĸĸĸĸĸĸĸĸĸĸĸĸĸĸĸĸĸĸĸĸĸĸĸĸĸĸĸĸĸĸĸĸĸĸĸĸĸĸĸĸĸĸĸĸĸĸĸĸĸĸĸĸĸĸĸĸĸĸĸĸĸĸĸĸĸĸĸĸĸĸĸĸĸĸĸĸĸĸĸĸĸĸĸĸĸĸĸĸĸĸĸĸĸĸĸĸĸĸĸĸĸĸĸĸĸĸĸĸĸĸĸĸĸĸĸĸĸĸĸĸĸĸĸĸĸĸĸĸĸĸĸĸĸĸĸĸĸĸĸĸĸĸĸĸĸĸĸĸĸĸĸĸĸĸĸĸĸĸĸĸĸĸĸĸĸĸĸĸĸĸĸĸĸĸĸĸĸĸĸĸĸĸĸĸĸĸĸĸĸĸĸĸĸĸĸĸĸĸĸĸĸĸĸĸĸĸĸĸĸĸĸĸĸĸĸĸĸĸĸĸĸĸĸĸĸĸĸĸĸĸĸĸĸĸĸĸĸĸĸĸĸĸĸĸĸĸĸĸĸĸĸĸĸĸĸĸĸĸĸĸĸĸĸĸĸĸĸĸĸĸĸĸĸĸĸĸĸĸĸĸĸĸĸĸĸĸĸĸĸĸĸĸĸĸĸĸĸĸĸĸĸĸĸĸĸĸĸĸĸĸĸĸĸĸĸĸĸĸĸĸĸĸĸĸĸĸĸĸĸĸĸĸĸĸĸĸĸĸĸĸĸĸĸĸĸĸĸĸĸĸĸĸĸĸĸĸĸĸĸĸĸĸĸĸĸĸĸĸĸĸĸĸĸĸĸĸĸĸĸĸĸĸĸĸĸĸĸĸĸĸĸĸĸĸĸĸĸĸĸĸĸĸĸĸĸĸĸĸĸĸĸĸĸĸĸĸĸĸĸĸĸĸĸĸĸĸĸĸĸĸĸĸĸĸĸĸĸĸĸĸĸĸĸĸĸĸĸĸĸĸĸĸĸĸĸĸĸĸĸĸĸĸĸĸĸĸĸĸĸĸĸĸĸĸĸĸĸĸĸĸĸĸĸĸĸĸĸĸĸĸĸĸĸĸĸĸĸĸĸĸĸĸĸĸĸĸĸĸĸĸĸĸĸĸĸĸĸĸĸĸĸĸĸĸĸĸĸĸĸĸĸĸĸĸĸĸĸĸĸĸĸĸĸĸĸĸĸĸĸĸĸĸĸĸĸĸĸĸĸĸĸĸĸĸĸĸĸĸĸĸĸĸĸĸĸĸĸĸĸĸĸĸĸĸĸĸĸĸĸĸĸĸĸĸĸĸĸĸĸĸĸĸĸĸĸĸĸĸĸĸĸĸĸĸĸĸĸĸĸĸĸĸĸĸĸĸĸĸĸĸĸĸĸĸĸĸĸĸĸĸĸĸĸĸĸĸĸĸĸĸĸĸĸĸĸĸĸĸĸĸĸĸĸĸĸĸĸĸĸĸĸĸĸĸĸĸĸĸĸĸĸĸĸĸĸĸĸĸĸĸĸĸĸĸĸĸĸĸĸĸĸĸĸĸĸĸĸĸĸĸĸĸĸĸĸĸĸĸĸĸĸĸĸĸĸĸĸĸĸĸĸĸĸĸĸĸĸĸĸĸĸĸĸĸĸĸĸĸĸĸĸĸĸĸĸĸĸĸĸĸĸĸĸĸĸĸĸĸĸĸĸĸĸĸĸĸĸĸĸĸĸĸĸĸĸĸĸĸĸĸĸĸĸĸĸĸĸĸĸĸĸĸĸĸĸĸĸĸĸĸĸĸĸĸĸĸĸĸĸĸĸĸĸĸĸĸĸĸĸĸĸĸĸĸĸĸĸĸĸĸĸĸĸĸĸĸĸĸĸĸĸĸĸĸĸĸĸĸĸĸĸĸĸĸĸĸĸĸĸĸĸĸĸĸĸĸĸĸĸĸĸĸĸĸĸĸĸĸĸĸĸĸĸĸĸĸĸĸĸĸĸĸĸĸĸĸĸĸĸĸĸĸĸĸĸĸĸĸĸĸĸĸĸĸĸĸĸĸĸĸĸĸĸĸĸĸĸĸĸĸĸĸĸĸĸĸĸĸĸĸĸĸĸĸĸĸĸĸĸĸĸĸĸĸĸĸĸĸĸĸĸĸĸĸĸĸĸĸĸĸĸĸĸĸĸĸĸĸĸĸĸĸĸĸĸĸĸĸĸĸĸĸĸĸĸĸĸĸĸĸĸĸĸĸĸĸĸĸĸĸĸĸĸĸĸĸĸĸĸĸĸĸĸĸĸĸĸĸĸĸĸĸĸĸĸĸĸĸĸĸĸĸĸĸĸĸĸĸĸĸĸĸĸĸĸĸĸĸĸĸĸĸĸĸĸĸĸĸĸĸĸĸĸĸĸĸĸĸĸĸĸĸĸĸĸĸĸĸĸĸĸĸĸĸĸĸĸĸĸĸĸĸĸĸĸĸĸĸĸĸĸĸĸĸĸĸĸĸĸĸĸĸĸĸĸĸĸĸĸĸĸĸĸĸĸĸĸĸĸĸĸĸĸĸĸĸĸĸĸĸĸĸĸĸĸĸĸĸĸĸĸĸĸĸĸĸĸĸĸĸĸĸĸĸĸĸĸĸĸĸĸĸĸĸĸĸĸĸĸĸĸĸĸĸĸĸĸĸĸĸĸĸĸĸĸĸĸĸĸĸĸĸĸĸĸĸĸĸĸĸĸĸĸĸĸĸĸĸĸĸĸĸĸĸĸĸĸĸĸĸĸĸĸĸĸĸĸĸĸĸĸĸĸĸĸĸĸĸĸĸĸĸĸĸĸĸĸĸĸĸĸĸĸĸĸĸĸĸĸĸĸĸĸĸĸĸĸĸĸĸĸĸĸĸĸĸĸĸĸĸĸĸĸĸĸĸĸĸĸĸĸĸĸĸĸĸĸĸĸĸĸĸĸĸĸĸĸĸĸĸĸĸĸĸĸĸĸĸĸĸĸĸĸĸĸĸĸĸĸĸĸĸĸĸĸĸĸĸĸĸĸĸĸĸĸĸĸĸĸĸĸĸĸĸĸĸĸĸĸĸĸĸĸĸĸĸĸĸĸĸĸĸĸĸĸĸĸĸĸĸĸĸĸĸĸĸĸĸĸĸĸĸĸĸĸĸĸĸĸĸĸĸĸĸĸĸĸĸĸĸĸĸĸĸĸĸĸĸĸĸĸĸĸĸĸĸĸĸĸĸĸĸĸĸĸĸĸĸĸĸĸĸĸĸĸĸĸĸĸĸĸĸĸĸĸĸĸĸĸĸĸĸĸĸĸĸĸĸĸĸĸĸĸĸĸĸĸĸĸĸĸĸĸĸĸĸĸĸĸĸĸĸĸĸĸĸĸĸĸĸĸĸĸĸĸĸĸĸĸĸĸĸĸĸĸĸĸĸĸĸĸĸĸĸĸĸĸĸĸĸĸĸĸĸĸĸĸĸĸĸĸĸĸĸĸĸĸĸĸĸĸĸĸĸĸĸĸĸĸĸĸĸĸĸĸĸĸĸĸĸĸĸĸĸĸĸĸĸĸĸĸĸĸĸĸĸĸĸĸĸĸĸĸĸĸĸĸĸĸĸĸĸĸĸĸĸĸĸĸĸĸĸĸĸĸĸĸĸĸĸĸĸĸĸĸĸĸĸĸĸĸĸĸĸĸĸĸĸĸĸĸĸĸĸĸĸĸĸĸĸĸĸĸĸĸĸĸĸĸĸĸĸĸĸĸĸĸĸĸĸĸĸĸĸĸĸĸĸĸĸĸĸĸĸĸĸĸĸĸĸĸĸĸĸĸĸĸĸĸĸĸĸĸĸĸĸĸĸĸĸĸĸĸĸĸĸĸĸĸĸĸĸĸĸĸĸĸĸĸĸĸĸĸĸĸĸĸĸĸĸĸĸĸĸĸĸĸĸĸĸĸĸĸĸĸĸĸĸĸĸĸĸĸĸĸĸĸĸĸĸĸĸĸĸĸĸĸĸĸĸĸĸĸĸĸĸĸĸĸĸĸĸĸĸĸĸĸĸĸĸĸĸĸĸĸĸĸĸĸĸĸĸĸĸĸĸĸĸĸĸĸĸĸĸĸĸĸĸĸĸĸĸĸĸĸĸĸĸĸĸĸĸĸĸĸĸĸĸĸĸĸĸĸĸĸĸĸĸĸĸĸĸĸĸĸĸĸĸĸĸĸĸĸĸĸĸĸĸĸĸĸĸĸĸĸĸĸĸĸĸĸĸĸĸĸĸĸĸĸĸĸĸĸĸĸĸĸĸĸĸĸĸĸĸĸĸĸĸĸĸĸĸĸĸĸĸĸĸĸĸĸĸĸĸĸĸĸĸĸĸĸĸĸĸĸĸĸĸĸĸĸĸĸĸĸĸĸĸĸĸĸĸĸĸĸĸĸĸĸĸĸĸĸĸĸĸĸĸĸĸĸĸĸĸĸĸĸĸĸĸĸĸĸĸĸĸĸĸĸĸĸĸĸĸĸĸĸĸĸĸĸĸĸĸĸĸĸĸĸĸĸĸĸĸĸĸĸĸĸĸĸĸĸĸĸĸĸĸĸĸĸĸĸĸĸĸĸĸĸĸĸĸĸĸĸĸĸĸĸĸĸĸĸĸĸĸĸĸĸĸĸĸĸĸĸĸĸĸĸĸĸĸĸĸĸĸĸĸĸĸĸĸĸĸĸĸĸĸĸĸĸĸĸĸĸĸĸĸĸĸĸĸĸĸĸĸĸĸĸĸĸĸĸĸĸĸĸĸĸĸĸĸĸĸĸĸĸĸĸĸĸĸĸĸĸĸĸĸĸĸĸĸĸĸĸĸĸĸĸĸĸĸĸĸĸĸĸĸĸĸĸĸĸĸĸĸĸĸĸĸĸĸĸĸĸĸĸĸĸĸĸĸĸĸĸĸĸĸĸĸĸĸĸĸĸĸĸĸĸĸĸĸĸĸĸĸĸĸĸĸĸĸĸĸĸĸĸĸĸĸĸĸĸĸĸĸĸĸĸĸĸĸĸĸĸĸĸĸĸĸĸĸĸĸĸĸĸĸĸĸĸĸĸĸĸĸĸĸĸĸĸĸĸĸĸĸĸĸĸĸĸĸĸĸĸĸĸĸĸĸĸĸĸĸĸĸĸĸĸĸĸĸĸĸĸĸĸĸĸĸĸĸĸĸĸĸĸĸĸĸĸĸĸĸĸĸĸĸĸĸĸĸĸĸĸĸĸĸĸĸĸĸĸĸĸĸĸĸĸĸĸĸĸĸĸĸĸĸĸĸĸĸĸĸĸĸĸĸĸĸĸĸĸĸĸĸĸĸĸĸĸĸĸĸĸĸĸĸĸĸĸĸĸĸĸĸĸĸĸĸĸĸĸĸĸĸĸĸĸĸĸĸĸĸĸĸĸĸĸĸĸĸĸĸĸĸĸĸĸĸĸĸĸĸĸĸĸĸĸĸĸĸĸĸĸĸĸĸĸĸĸĸĸĸĸĸĸĸĸĸĸĸĸĸĸĸĸĸĸĸĸĸĸĸĸĸĸĸĸĸĸĸĸĸĸĸĸĸĸĸĸĸĸĸĸĸĸĸĸĸĸĸĸĸĸĸĸĸĸĸĸĸĸĸĸĸĸĸĸĸĸĸĸĸĸĸĸĸĸĸĸĸĸĸĸĸĸĸĸĸĸĸĸĸĸĸĸĸĸĸĸĸĸĸĸĸĸĸĸĸĸĸĸĸĸĸĸĸĸĸĸĸĸĸĸĸĸĸĸĸĸĸĸĸĸĸĸĸĸĸĸĸĸĸĸĸĸĸĸĸĸĸĸĸĸĸĸĸĸĸĸĸĸĸĸĸĸĸĸĸĸĸĸĸĸĸĸĸĸĸĸĸĸĸĸĸĸĸĸĸĸĸĸĸĸĸĸĸĸĸĸĸĸĸĸĸĸĸĸĸĸĸĸĸĸĸĸĸĸĸĸĸĸĸĸĸĸĸĸĸĸĸĸĸĸĸĸĸĸĸĸĸĸĸĸĸĸĸĸĸĸĸĸĸĸĸĸĸĸĸĸĸĸĸĸĸĸĸĸĸĸĸĸĸĸĸĸĸĸĸĸĸĸĸĸĸĸĸĸĸĸĸĸĸĸĸĸĸĸĸĸĸĸĸĸĸĸĸĸĸĸĸĸĸĸĸĸĸĸĸĸĸĸĸĸĸĸĸĸĸĸĸĸĸĸĸĸĸĸĸĸĸĸĸĸĸĸĸĸĸĸĸĸĸĸĸĸĸĸĸĸĸĸĸĸĸĸĸĸĸĸĸĸĸĸĸĸĸĸĸĸĸĸĸĸĸĸĸĸĸĸĸĸĸĸĸĸĸĸĸĸĸĸĸĸĸĸĸĸĸĸĸĸĸĸĸĸĸĸĸĸĸĸĸĸĸĸĸĸĸĸĸĸĸĸĸĸĸĸĸĸĸĸĸĸĸĸĸĸĸĸĸĸĸĸĸĸĸĸĸĸĸĸĸĸĸĸĸĸĸĸĸĸĸĸĸĸĸĸĸĸĸĸĸĸĸĸĸĸĸĸĸĸĸĸĸĸĸĸĸĸĸĸĸĸĸĸĸĸĸĸĸĸĸĸĸĸĸĸĸĸĸĸĸĸĸĸĸĸĸĸĸĸĸĸĸĸĸĸĸĸĸĸĸĸĸĸĸĸĸĸĸĸĸĸĸĸĸĸĸĸĸĸĸĸĸĸĸĸĸĸĸĸĸĸĸĸĸĸĸĸĸĸĸĸĸĸĸĸĸĸĸĸĸĸĸĸĸĸĸĸĸĸĸĸĸĸĸĸĸĸĸĸĸĸĸĸĸĸĸĸĸĸĸĸĸĸĸĸĸĸĸĸĸĸĸĸĸĸĸĸĸĸĸĸĸĸĸĸĸĸĸĸĸĸĸĸĸĸĸĸĸĸĸĸĸĸĸĸĸĸĸĸĸĸĸĸĸĸĸĸĸĸĸĸĸĸĸĸĸĸĸĸĸĸĸĸĸĸĸĸĸĸĸĸĸĸĸĸĸĸĸĸĸĸĸĸĸĸĸĸĸĸĸĸĸĸĸĸĸĸĸĸĸĸĸĸĸĸĸĸĸĸĸĸĸĸĸĸĸĸĸĸĸĸĸĸĸĸĸĸĸĸĸĸĸĸĸĸĸĸĸĸĸĸĸĸĸĸĸĸĸĸĸĸĸĸĸĸĸĸĸĸĸĸĸĸĸĸĸĸĸĸĸĸĸĸĸĸĸĸĸĸĸĸĸĸĸĸĸĸĸĸĸĸĸĸĸĸĸĸĸĸĸĸĸĸĸĸĸĸĸĸĸĸĸĸĸĸĸĸĸĸĸĸĸĸĸĸĸĸĸĸĸĸĸĸĸĸĸĸĸĸĸĸĸĸĸĸĸĸĸĸĸĸĸĸĸĸĸĸĸĸĸĸĸĸĸĸĸĸĸĸĸĸĸĸĸĸĸĸĸĸĸĸĸĸĸĸĸĸĸĸĸĸĸĸĸĸĸĸĸĸĸĸĸĸĸĸĸĸĸĸĸĸĸĸĸĸĸĸĸĸĸĸĸĸĸĸĸĸĸĸĸĸĸĸĸĸĸĸĸĸĸĸĸĸĸĸĸĸĸĸĸĸĸĸĸĸĸĸĸĸĸĸĸĸĸĸĸĸĸĸĸĸĸĸĸĸĸĸĸĸĸĸĸĸĸĸĸĸĸĸĸĸĸĸĸĸĸĸĸĸĸĸĸĸĸĸĸĸĸĸĸĸĸĸĸĸĸĸĸĸĸĸĸĸĸĸĸĸĸĸĸĸĸĸĸĸĸĸĸĸĸĸĸĸĸĸĸĸĸĸĸĸĸĸĸĸĸĸĸĸĸĸĸĸĸĸĸĸĸĸĸĸĸĸĸĸĸĸĸĸĸĸĸĸĸĸĸĸĸĸĸĸĸĸĸĸĸĸĸĸĸĸĸĸĸĸĸĸĸĸĸĸĸĸĸĸĸĸĸĸĸĸĸĸĸĸĸĸĸĸĸĸĸĸĸĸĸĸĸĸĸĸĸĸĸĸĸĸĸĸĸĸĸĸĸĸĸĸĸĸĸĸĸĸĸĸĸĸĸĸĸĸĸĸĸĸĸĸĸĸĸĸĸĸĸĸĸĸĸĸĸĸĸĸĸĸĸĸĸĸĸĸĸĸĸĸĸĸĸĸĸĸĸĸĸĸĸĸĸĸĸĸĸĸĸĸĸĸĸĸĸĸĸĸĸĸĸĸĸĸĸĸĸĸĸĸĸĸĸĸĸĸĸĸĸĸĸĸĸĸĸĸĸĸĸĸĸĸĸĸĸĸĸĸĸĸĸĸĸĸĸĸĸĸĸĸĸĸĸĸĸĸĸĸĸĸĸĸĸĸĸĸĸĸĸĸĸĸĸĸĸĸĸĸĸĸĸĸĸĸĸĸĸĸĸĸĸĸĸĸĸĸĸĸĸĸĸĸĸĸĸĸĸĸĸĸĸĸĸĸĸĸĸĸĸĸĸĸĸĸĸĸĸĸĸĸĸĸĸĸĸĸĸĸĸĸĸĸĸĸĸĸĸĸĸĸĸĸĸĸĸĸĸĸĸĸĸĸĸĸĸĸĸĸĸĸĸĸĸĸĸĸĸĸĸĸĸĸĸĸĸĸĸĸĸĸĸĸĸĸĸĸĸĸĸĸĸĸĸĸĸĸĸĸĸĸĸĸĸĸĸĸĸĸĸĸĸĸĸĸĸĸĸĸĸĸĸĸĸĸĸĸĸĸĸĸĸĸĸĸĸĸĸĸĸĸĸĸĸĸĸĸĸĸĸĸĸĸĸĸĸĸĸĸĸĸĸĸĸĸĸĸĸĸĸĸĸĸĸĸĸĸĸĸĸĸĸĸĸĸĸĸĸĸĸĸĸĸĸĸĸĸĸĸĸĸĸĸĸĸĸĸĸĸĸĸĸĸĸĸĸĸĸĸĸĸĸĸĸĸĸĸĸĸĸĸĸĸĸĸĸĸĸĸĸĸĸĸĸĸĸĸĸĸĸĸĸĸĸĸĸĸĸĸĸĸĸĸĸĸĸĸĸĸĸĸĸĸĸĸĸĸĸĸĸĸĸĸĸĸĸĸĸĸĸĸĸĸĸĸĸĸĸĸĸĸĸĸĸĸĸĸĸĸĸĸĸĸĸĸĸĸĸĸĸĸĸĸĸĸĸĸĸĸĸĸĸĸĸĸĸĸĸĸĸĸĸĸĸĸĸĸĸĸĸĸĸĸĸĸĸĸĸĸĸĸĸĸĸĸĸĸĸĸĸĸĸĸĸĸĸĸĸĸĸĸĸĸĸĸĸĸĸĸĸĸĸĸĸĸĸĸĸĸĸĸĸĸĸĸĸĸĸĸĸĸĸĸĸĸĸĸĸĸĸĸĸĸĸĸĸĸĸĸĸĸĸĸĸĸĸĸĸĸĸĸĸĸĸĸĸĸĸĸĸĸĸĸĸĸĸĸĸĸĸĸĸĸĸĸĸĸĸĸĸĸĸĸĸĸĸĸĸĸĸĸĸĸĸĸĸĸĸĸĸĸĸĸĸĸĸĸĸĸĸĸĸĸĸĸĸĸĸĸĸĸĸĸĸĸĸĸĸĸĸĸĸĸĸĸĸĸĸĸĸĸĸĸĸĸĸĸĸĸĸĸĸĸĸĸĸĸĸĸĸĸĸĸĸĸĸĸĸĸĸĸĸĸĸĸĸĸĸĸĸĸĸĸĸĸĸĸĸĸĸĸĸĸĸĸĸĸĸĸĸĸĸĸĸĸĸĸĸĸĸĸĸĸĸĸĸĸĸĸĸĸĸĸĸĸĸĸĸĸĸĸĸĸĸĸĸĸĸĸĸĸĸĸĸĸĸĸĸĸĸĸĸĸĸĸĸĸĸĸĸĸĸĸĸĸĸĸĸĸĸĸĸĸĸĸĸĸĸĸĸĸĸĸĸĸĸĸĸĸĸĸĸĸĸĸĸĸĸĸĸĸĸĸĸĸĸĸĸĸĸĸĸĸĸĸĸĸĸĸĸĸĸĸĸĸĸĸĸĸĸĸĸĸĸĸĸĸĸĸĸĸĸĸĸĸĸĸĸĸĸĸĸĸĸĸĸĸĸĸĸĸĸĸĸĸĸĸĸĸĸĸĸĸĸĸĸĸĸĸĸĸĸĸĸĸĸĸĸĸĸĸĸĸĸĸĸĸĸĸĸĸĸĸĸĸĸĸĸĸĸĸĸĸĸĸĸĸĸĸĸĸĸĸĸĸĸĸĸĸĸĸĸĸĸĸĸĸĸĸĸĸĸĸĸĸĸĸĸĸĸĸĸĸĸĸĸĸĸĸĸĸĸĸĸĸĸĸĸĸĸĸĸĸĸĸĸĸĸĸĸĸĸĸĸĸĸĸĸĸĸĸĸĸĸĸĸĸĸĸĸĸĸĸĸĸĸĸĸĸĸĸĸĸĸĸĸĸĸĸĸĸĸĸĸĸĸĸĸĸĸĸĸĸĸĸĸĸĸĸĸĸĸĸĸĸĸĸĸĸĸĸĸĸĸĸĸĸĸĸĸĸĸĸĸĸĸĸĸĸĸĸĸĸĸĸĸĸĸĸĸĸĸĸĸĸĸĸĸĸĸĸĸĸĸĸĸĸĸĸĸĸĸĸĸĸĸĸĸĸĸĸĸĸĸĸĸĸĸĸĸĸĸĸĸĸĸĸĸĸĸĸĸĸĸĸĸĸĸĸĸĸĸĸĸĸĸĸĸĸĸĸĸĸĸĸĸĸĸĸĸĸĸĸĸĸĸĸĸĸĸĸĸĸĸĸĸĸĸĸĸĸĸĸĸĸĸĸĸĸĸĸĸĸĸĸĸĸĸĸĸĸĸĸĸĸĸĸĸĸĸĸĸĸĸĸĸĸĸĸĸĸĸĸĸĸĸĸĸĸĸĸĸĸĸĸĸĸĸĸĸĸĸĸĸĸĸĸĸĸĸĸĸĸĸĸĸĸĸĸĸĸĸĸĸĸĸĸĸĸĸĸĸĸĸĸĸĸĸĸĸĸĸĸĸĸĸĸĸĸĸĸĸĸĸĸĸĸĸĸĸĸĸĸĸĸĸĸĸĸĸĸĸĸĸĸĸĸĸĸĸĸĸĸĸĸĸĸĸĸĸĸĸĸĸĸĸĸĸĸĸĸĸĸĸĸĸĸĸĸĸĸĸĸĸĸĸĸĸĸĸĸĸĸĸĸĸĸĸĸĸĸĸĸĸĸĸĸĸĸĸĸĸĸĸĸĸĸĸĸĸĸĸĸĸĸĸĸĸĸĸĸĸĸĸĸĸĸĸĸĸĸĸĸĸĸĸĸĸĸĸĸĸĸĸĸĸĸĸĸĸĸĸĸĸĸĸĸĸĸĸĸĸĸĸĸĸĸĸĸĸĸĸĸĸĸĸĸĸĸĸĸĸĸĸĸĸĸĸĸĸĸĸĸĸĸĸĸĸĸĸĸĸĸĸĸĸĸĸĸĸĸĸĸĸĸĸĸĸĸĸĸĸĸĸĸĸĸĸĸĸĸĸĸĸĸĸĸĸĸĸĸĸĸĸĸĸĸĸĸĸĸĸĸĸĸĸĸĸĸĸĸĸĸĸĸĸĸĸĸĸĸĸĸĸĸĸĸĸĸĸĸĸĸĸĸĸĸĸĸĸĸĸĸĸĸĸĸĸĸĸĸĸĸĸĸĸĸĸĸĸĸĸĸĸĸĸĸĸĸĸĸĸĸĸĸĸĸĸĸĸĸĸĸĸĸĸĸĸĸĸĸĸĸĸĸĸĸĸĸĸĸĸĸĸĸĸĸĸĸĸĸĸĸĸĸĸĸĸĸĸĸĸĸĸĸĸĸĸĸĸĸĸĸĸĸĸĸĸĸĸĸĸĸĸĸĸĸĸĸĸĸĸĸĸĸĸĸĸĸĸĸĸĸĸĸĸĸĸĸĸĸĸĸĸĸĸĸĸĸĸĸĸĸĸĸĸĸĸĸĸĸĸĸĸĸĸĸĸĸĸĸĸĸĸĸĸĸĸĸĸĸĸĸĸĸĸĸĸĸĸĸĸĸĸĸĸĸĸĸĸĸĸĸĸĸĸĸĸĸĸĸĸĸĸĸĸĸĸĸĸĸĸĸĸĸĸĸĸĸĸĸĸĸĸĸĸĸĸĸĸĸĸĸĸĸĸĸĸĸĸĸĸĸĸĸĸĸĸĸĸĸĸĸĸĸĸĸĸĸĸĸĸĸĸĸĸĸĸĸĸĸĸĸĸĸĸĸĸĸĸĸĸĸĸĸĸĸĸĸĸĸĸĸĸĸĸĸĸĸĸĸĸĸĸĸĸĸĸĸĸĸĸĸĸĸĸĸĸĸĸĸĸĸĸĸĸĸĸĸĸĸĸĸĸĸĸĸĸĸĸĸĸĸĸĸĸĸĸĸĸĸĸĸĸĸĸĸĸĸĸĸĸĸĸĸĸĸĸĸĸĸĸĸĸĸĸĸĸĸĸĸĸĸĸĸĸĸĸĸĸĸĸĸĸĸĸĸĸĸĸĸĸĸĸĸĸĸĸĸĸĸĸĸĸĸĸĸĸĸĸĸĸĸĸĸĸĸĸĸĸĸĸĸĸĸĸĸĸĸĸĸĸĸĸĸĸĸĸĸĸĸĸĸĸĸĸĸĸĸĸĸĸĸĸĸĸĸĸĸĸĸĸĸĸĸĸĸĸĸĸĸĸĸĸĸĸĸĸĸĸĸĸĸĸĸĸĸĸĸĸĸĸĸĸĸĸĸĸĸĸĸĸĸĸĸĸĸĸĸĸĸĸĸĸĸĸĸĸĸĸĸĸĸĸĸĸĸĸĸĸĸĸĸĸĸĸĸĸĸĸĸĸĸĸĸĸĸĸĸĸĸĸĸĸĸĸĸĸĸĸĸĸĸĸĸĸĸĸĸĸĸĸĸĸĸĸĸĸĸĸĸĸĸĸĸĸĸĸĸĸĸĸĸĸĸĸĸĸĸĸĸĸĸĸĸĸĸĸĸĸĸĸĸĸĸĸĸĸĸĸĸĸĸĸĸĸĸĸĸĸĸĸĸĸĸĸĸĸĸĸĸĸĸĸĸĸĸĸĸĸĸĸĸĸĸĸĸĸĸĸĸĸĸĸĸĸĸĸĸĸĸĸĸĸĸĸĸĸĸĸĸĸĸĸĸĸĸĸĸĸĸĸĸĸĸĸĸĸĸĸĸĸĸĸĸĸĸĸĸĸĸĸĸĸĸĸĸĸĸĸĸĸĸĸĸĸĸĸĸĸĸĸĸĸĸĸĸĸĸĸĸĸĸĸĸĸĸĸĸĸĸĸĸĸĸĸĸĸĸĸĸĸĸĸĸĸĸĸĸĸĸĸĸĸĸĸĸĸĸĸĸĸĸĸĸĸĸĸĸĸĸĸĸĸĸĸĸĸĸĸĸĸĸĸĸĸĸĸĸĸĸĸĸĸĸĸĸĸĸĸĸĸĸĸĸĸĸĸĸĸĸĸĸĸĸĸĸĸĸĸĸĸĸĸĸĸĸĸĸĸĸĸĸĸĸĸĸĸĸĸĸĸĸĸĸĸĸĸĸĸĸĸĸĸĸĸĸĸĸĸĸĸĸĸĸĸĸĸĸĸĸĸĸĸĸĸĸĸĸĸĸĸĸĸĸĸĸĸĸĸĸĸĸĸĸĸĸĸĸĸĸĸĸĸĸĸĸĸĸĸĸĸĸĸĸĸĸĸĸĸĸĸĸĸĸĸĸĸĸĸĸĸĸĸĸĸĸĸĸĸĸĸĸĸĸĸĸĸĸĸĸĸĸĸĸĸĸĸĸĸĸĸĸĸĸĸĸĸĸĸĸĸĸĸĸĸĸĸĸĸĸĸĸĸĸĸĸĸĸĸĸĸĸĸĸĸĸĸĸĸĸĸĸĸĸĸĸĸĸĸĸĸĸĸĸĸĸĸĸĸĸĸĸĸĸĸĸĸĸĸĸĸĸĸĸĸĸĸĸĸĸĸĸĸĸĸĸĸĸĸĸĸĸĸĸĸĸĸĸĸĸĸĸĸĸĸĸĸĸĸĸĸĸĸĸĸĸĸĸĸĸĸĸĸĸĸĸĸĸĸĸĸĸĸĸĸĸĸĸĸĸĸĸĸĸĸĸĸĸĸĸĸĸĸĸĸĸĸĸĸĸĸĸĸĸĸĸĸĸĸĸĸĸĸĸĸĸĸĸĸĸĸĸĸĸĸĸĸĸĸĸĸĸĸĸĸĸĸĸĸĸĸĸĸĸĸĸĸĸĸĸĸĸĸĸĸĸĸĸĸĸĸĸĸĸĸĸĸĸĸĸĸĸĸĸĸĸĸĸĸĸĸĸĸĸĸĸĸĸĸĸĸĸĸĸĸĸĸĸĸĸĸĸĸĸĸĸĸĸĸĸĸĸĸĸĸĸĸĸĸĸĸĸĸĸĸĸĸĸĸĸĸĸĸĸĸĸĸĸĸĸĸĸĸĸĸĸĸĸĸĸĸĸĸĸĸĸĸĸĸĸĸĸĸĸĸĸĸĸĸĸĸĸĸĸĸĸĸĸĸĸĸĸĸĸĸĸĸĸĸĸĸĸĸĸĸĸĸĸĸĸĸĸĸĸĸĸĸĸĸĸĸĸĸĸĸĸĸĸĸĸĸĸĸĸĸĸĸĸĸĸĸĸĸĸĸĸĸĸĸĸĸĸĸĸĸĸĸĸĸĸĸĸĸĸĸĸĸĸĸĸĸĸĸĸĸĸĸĸĸĸĸĸĸĸĸĸĸĸĸĸĸĸĸĸĸĸĸĸĸĸĸĸĸĸĸĸĸĸĸĸĸĸĸĸĸĸĸĸĸĸĸĸĸĸĸĸĸĸĸĸĸĸĸĸĸĸĸĸĸĸĸĸĸĸĸĸĸĸĸĸĸĸĸĸĸĸĸĸĸĸĸĸĸĸĸĸĸĸĸĸĸĸĸĸĸĸĸĸĸĸĸĸĸĸĸĸĸĸĸĸĸĸĸĸĸĸĸĸĸĸĸĸĸĸĸĸĸĸĸĸĸĸĸĸĸĸĸĸĸĸĸĸĸĸĸĸĸĸĸĸĸĸĸĸĸĸĸĸĸĸĸĸĸĸĸĸĸĸĸĸĸĸĸĸĸĸĸĸĸĸĸĸĸĸĸĸĸĸĸĸĸĸĸĸĸĸĸĸĸĸĸĸĸĸĸĸĸĸĸĸĸĸĸĸĸĸĸĸĸĸĸĸĸĸĸĸĸĸĸĸĸĸĸĸĸĸĸĸĸĸĸĸĸĸĸĸĸĸĸĸĸĸĸĸĸĸĸĸĸĸĸĸĸĸĸĸĸĸĸĸĸĸĸĸĸĸĸĸĸĸĸĸĸĸĸĸĸĸĸĸĸĸĸĸĸĸĸĸĸĸĸĸĸĸĸĸĸĸĸĸĸĸĸĸĸĸĸĸĸĸĸĸĸĸĸĸĸĸĸĸĸĸĸĸĸĸĸĸĸĸĸĸĸĸĸĸĸĸĸĸĸĸĸĸĸĸĸĸĸĸĸĸĸĸĸĸĸĸĸĸĸĸĸĸĸĸĸĸĸĸĸĸĸĸĸĸĸĸĸĸĸĸĸĸĸĸĸĸĸĸĸĸĸĸĸĸĸĸĸĸĸĸĸĸĸĸĸĸĸĸĸĸĸĸĸĸĸĸĸĸĸĸĸĸĸĸĸĸĸĸĸĸĸĸĸĸĸĸĸĸĸĸĸĸĸĸĸĸĸĸĸĸĸĸĸĸĸĸĸĸĸĸĸĸĸĸĸĸĸĸĸĸĸĸĸĸĸĸĸĸĸĸĸĸĸĸĸĸĸĸĸĸĸĸĸĸĸĸĸĸĸĸĸĸĸĸĸĸĸĸĸĸĸĸĸĸĸĸĸĸĸĸĸĸĸĸĸĸĸĸĸĸĸĸĸĸĸĸĸĸĸĸĸĸĸĸĸĸĸĸĸĸĸĸĸĸĸĸĸĸĸĸĸĸĸĸĸĸĸĸĸĸĸĸĸĸĸĸĸĸĸĸĸĸĸĸĸĸĸĸĸĸĸĸĸĸĸĸĸĸĸĸĸĸĸĸĸĸĸĸĸĸĸĸĸĸĸĸĸĸĸĸĸĸĸĸĸĸĸĸĸĸĸĸĸĸĸĸĸĸĸĸĸĸĸĸĸĸĸĸĸĸĸĸĸĸĸĸĸĸĸĸĸĸĸĸĸĸĸĸĸĸĸĸĸĸĸĸĸĸĸĸĸĸĸĸĸĸĸĸĸĸĸĸĸĸĸĸĸĸĸĸĸĸĸĸĸĸĸĸĸĸĸĸĸĸĸĸĸĸĸĸĸĸĸĸĸĸĸĸĸĸĸĸĸĸĸĸĸĸĸĸĸĸĸĸĸĸĸĸĸĸĸĸĸĸĸĸĸĸĸĸĸĸĸĸĸĸĸĸĸĸĸĸĸĸĸĸĸĸĸĸĸĸĸĸĸĸĸĸĸĸĸĸĸĸĸĸĸĸĸĸĸĸĸĸĸĸĸĸĸĸĸĸĸĸĸĸĸĸĸĸĸĸĸĸĸĸĸĸĸĸĸĸĸĸĸĸĸĸĸĸĸĸĸĸĸĸĸĸĸĸĸĸĸĸĸĸĸĸĸĸĸĸĸĸĸĸĸĸĸĸĸĸĸĸĸĸĸĸĸĸĸĸĸĸĸĸĸĸĸĸĸĸĸĸĸĸĸĸĸĸĸĸĸĸĸĸĸĸĸĸĸĸĸĸĸĸĸĸĸĸĸĸĸĸĸĸĸĸĸĸĸĸĸĸĸĸĸĸĸĸĸĸĸĸĸĸĸĸĸĸĸĸĸĸĸĸĸĸĸĸĸĸĸĸĸĸĸĸĸĸĸĸĸĸĸĸĸĸĸĸĸĸĸĸĸĸĸĸĸĸĸĸĸĸĸĸĸĸĸĸĸĸĸĸĸĸĸĸĸĸĸĸĸĸĸĸĸĸĸĸĸĸĸĸĸĸĸĸĸĸĸĸĸĸĸĸĸĸĸĸĸĸĸĸĸĸĸĸĸĸĸĸĸĸĸĸĸĸĸĸĸĸĸĸĸĸĸĸĸĸĸĸĸĸĸĸĸĸĸĸĸĸĸĸĸĸĸĸĸĸĸĸĸĸĸĸĸĸĸĸĸĸĸĸĸĸĸĸĸĸĸĸĸĸĸĸĸĸĸĸĸĸĸĸĸĸĸĸĸĸĸĸĸĸĸĸĸĸĸĸĸĸĸĸĸĸĸĸĸĸĸĸĸĸĸĸĸĸĸĸĸĸĸĸĸĸĸĸĸĸĸĸĸĸĸĸĸĸĸĸĸĸĸĸĸĸĸĸĸĸĸĸĸĸĸĸĸĸĸĸĸĸĸĸĸĸĸĸĸĸĸĸĸĸĸĸĸĸĸĸĸĸĸĸĸĸĸĸĸĸĸĸĸĸĸĸĸĸĸĸĸĸĸĸĸĸĸĸĸĸĸĸĸĸĸĸĸĸĸĸĸĸĸĸĸĸĸĸĸĸĸĸĸĸĸĸĸĸĸĸĸĸĸĸĸĸĸĸĸĸĸĸĸĸĸĸĸĸĸĸĸĸĸĸĸĸĸĸĸĸĸĸĸĸĸĸĸĸĸĸĸĸĸĸĸĸĸĸĸĸĸĸĸĸĸĸĸĸĸĸĸĸĸĸĸĸĸĸĸĸĸĸĸĸĸĸĸĸĸĸĸĸĸĸĸĸĸĸĸĸĸĸĸĸĸĸĸĸĸĸĸĸĸĸĸĸĸĸĸĸĸĸĸĸĸĸĸĸĸĸĸĸĸĸĸĸĸĸĸĸĸĸĸĸĸĸĸĸĸĸĸĸĸĸĸĸĸĸĸĸĸĸĸĸĸĸĸĸĸĸĸĸĸĸĸĸĸĸĸĸĸĸĸĸĸĸĸĸĸĸĸĸĸĸĸĸĸĸĸĸĸĸĸĸĸĸĸĸĸĸĸĸĸĸĸĸĸĸĸĸĸĸĸĸĸĸĸĸĸĸĸĸĸĸĸĸĸĸĸĸĸĸĸĸĸĸĸĸĸĸĸĸĸĸĸĸĸĸĸĸĸĸĸĸĸĸĸĸĸĸĸĸĸĸĸĸĸĸĸĸĸĸĸĸĸĸĸĸĸĸĸĸĸĸĸĸĸĸĸĸĸĸĸĸĸĸĸĸĸĸĸĸĸĸĸĸĸĸĸĸĸĸĸĸĸĸĸĸĸĸĸĸĸĸĸĸĸĸĸĸĸĸĸĸĸĸĸĸĸĸĸĸĸĸĸĸĸĸĸĸĸĸĸĸĸĸĸĸĸĸĸĸĸĸĸĸĸĸĸĸĸĸĸĸĸĸĸĸĸĸĸĸĸĸĸĸĸĸĸĸĸĸĸĸĸĸĸĸĸĸĸĸĸĸĸĸĸĸĸĸĸĸĸĸĸĸĸĸĸĸĸĸĸĸĸĸĸĸĸĸĸĸĸĸĸĸĸĸĸĸĸĸĸĸĸĸĸĸĸĸĸĸĸĸĸĸĸĸĸĸĸĸĸĸĸĸĸĸĸĸĸĸĸĸĸĸĸĸĸĸĸĸĸĸĸĸĸĸĸĸĸĸĸĸĸĸĸĸĸĸĸĸĸĸĸĸĸĸĸĸĸĸĸĸĸĸĸĸĸĸĸĸĸĸĸĸĸĸĸĸĸĸĸĸĸĸĸĸĸĸĸĸĸĸĸĸĸĸĸĸĸĸĸĸĸĸĸĸĸĸĸĸĸĸĸĸĸĸĸĸĸĸĸĸĸĸĸĸĸĸĸĸĸĸĸĸĸĸĸĸĸĸĸĸĸĸĸĸĸĸĸĸĸĸĸĸĸĸĸĸĸĸĸĸĸĸĸĸĸĸĸĸĸĸĸĸĸĸĸĸĸĸĸĸĸĸĸĸĸĸĸĸĸĸĸĸĸĸĸĸĸĸĸĸĸĸĸĸĸĸĸĸĸĸĸĸĸĸĸĸĸĸĸĸĸĸĸĸĸĸĸĸĸĸĸĸĸĸĸĸĸĸĸĸĸĸĸĸĸĸĸĸĸĸĸĸĸĸĸĸĸĸĸĸĸĸĸĸĸĸĸĸĸĸĸĸĸĸĸĸĸĸĸĸĸĸĸĸĸĸĸĸĸĸĸĸĸĸĸĸĸĸĸĸĸĸĸĸĸĸĸĸĸĸĸĸĸĸĸĸĸĸĸĸĸĸĸĸĸĸĸĸĸĸĸĸĸĸĸĸĸĸĸĸĸĸĸĸĸĸĸĸĸĸĸĸĸĸĸĸĸĸĸĸĸĸĸĸĸĸĸĸĸĸĸĸĸĸĸĸĸĸĸĸĸĸĸĸĸĸĸĸĸĸĸĸĸĸĸĸĸĸĸĸĸĸĸĸĸĸĸĸĸĸĸĸĸĸĸĸĸĸĸĸĸĸĸĸĸĸĸĸĸĸĸĸĸĸĸĸĸĸĸĸĸĸĸĸĸĸĸĸĸĸĸĸĸĸĸĸĸĸĸĸĸĸĸĸĸĸĸĸĸĸĸĸĸĸĸĸĸĸĸĸĸĸĸĸĸĸĸĸĸĸĸĸĸĸĸĸĸĸĸĸĸĸĸĸĸĸĸĸĸĸĸĸĸĸĸĸĸĸĸĸĸĸĸĸĸĸĸĸĸĸĸĸĸĸĸĸĸĸĸĸĸĸĸĸĸĸĸĸĸĸĸĸĸĸĸĸĸĸĸĸĸĸĸĸĸĸĸĸĸĸĸĸĸĸĸĸĸĸĸĸĸĸĸĸĸĸĸĸĸĸĸĸĸĸĸĸĸĸĸĸĸĸĸĸĸĸĸĸĸĸĸĸĸĸĸĸĸĸĸĸĸĸĸĸĸĸĸĸĸĸĸĸĸĸĸĸĸĸĸĸĸĸĸĸĸĸĸĸĸĸĸĸĸĸĸĸĸĸĸĸĸĸĸĸĸĸĸĸĸĸĸĸĸĸĸĸĸĸĸĸĸĸĸĸĸĸĸĸĸĸĸĸĸĸĸĸĸĸĸĸĸĸĸĸĸĸĸĸĸĸĸĸĸĸĸĸĸĸĸĸĸĸĸĸĸĸĸĸĸĸĸĸĸĸĸĸĸĸĸĸĸĸĸĸĸĸĸĸĸĸĸĸĸĸĸĸĸĸĸĸĸĸĸĸĸĸĸĸĸĸĸĸĸĸĸĸĸĸĸĸĸĸĸĸĸĸĸĸĸĸĸĸĸĸĸĸĸĸĸĸĸĸĸĸĸĸĸĸĸĸĸĸĸĸĸĸĸĸĸĸĸĸĸĸĸĸĸĸĸĸĸĸĸĸĸĸĸĸĸĸĸĸĸĸĸĸĸĸĸĸĸĸĸĸĸĸĸĸĸĸĸĸĸĸĸĸĸĸĸĸĸĸĸĸĸĸĸĸĸĸĸĸĸĸĸĸĸĸĸĸĸĸĸĸĸĸĸĸĸĸĸĸĸĸĸĸĸĸĸĸĸĸĸĸĸĸĸĸĸĸĸĸĸĸĸĸĸĸĸĸĸĸĸĸĸĸĸĸĸĸĸĸĸĸĸĸĸĸĸĸĸĸĸĸĸĸĸĸĸĸĸĸĸĸĸĸĸĸĸĸĸĸĸĸĸĸĸĸĸĸĸĸĸĸĸĸĸĸĸĸĸĸĸĸĸĸĸĸĸĸĸĸĸĸĸĸĸĸĸĸĸĸĸĸĸĸĸĸĸĸĸĸĸĸĸĸĸĸĸĸĸĸĸĸĸĸĸĸĸĸĸĸĸĸĸĸĸĸĸĸĸĸĸĸĸĸĸĸĸĸĸĸĸĸĸĸĸĸĸĸĸĸĸĸĸĸĸĸĸĸĸĸĸĸĸĸĸĸĸĸĸĸĸĸĸĸĸĸĸĸĸĸĸĸĸĸĸĸĸĸĸĸĸĸĸĸĸĸĸĸĸĸĸĸĸĸĸĸĸĸĸĸĸĸĸĸĸĸĸĸĸĸĸĸĸĸĸĸĸĸĸĸĸĸĸĸĸĸĸĸĸĸĸĸĸĸĸĸĸĸĸĸĸĸĸĸĸĸĸĸĸĸĸĸĸĸĸĸĸĸĸĸĸĸĸĸĸĸĸĸĸĸĸĸĸĸĸĸĸĸĸĸĸĸĸĸĸĸĸĸĸĸĸĸĸĸĸĸĸĸĸĸĸĸĸĸĸĸĸĸĸĸĸĸĸĸĸĸĸĸĸĸĸĸĸĸĸĸĸĸĸĸĸĸĸĸĸĸĸĸĸĸĸĸĸĸĸĸĸĸĸĸĸĸĸĸĸĸĸĸĸĸĸĸĸĸĸĸĸĸĸĸĸĸĸĸĸĸĸĸĸĸĸĸĸĸĸĸĸĸĸĸĸĸĸĸĸĸĸĸĸĸĸĸĸĸĸĸĸĸĸĸĸĸĸĸĸĸĸĸĸĸĸĸĸĸĸĸĸĸĸĸĸĸĸĸĸĸĸĸĸĸĸĸĸĸĸĸĸĸĸĸĸĸĸĸĸĸĸĸĸĸĸĸĸĸĸĸĸĸĸĸĸĸĸĸĸĸĸĸĸĸĸĸĸĸĸĸĸĸĸĸĸĸĸĸĸĸĸĸĸĸĸĸĸĸĸĸĸĸĸĸĸĸĸĸĸĸĸĸĸĸĸĸĸĸĸĸĸĸĸĸĸĸĸĸĸĸĸĸĸĸĸĸĸĸĸĸĸĸĸĸĸĸĸĸĸĸĸĸĸĸĸĸĸĸĸĸĸĸĸĸĸĸĸĸĸĸĸĸĸĸĸĸĸĸĸĸĸĸĸĸĸĸĸĸĸĸĸĸĸĸĸĸĸĸĸĸĸĸĸĸĸĸĸĸĸĸĸĸĸĸĸĸĸĸĸĸĸĸĸĸĸĸĸĸĸĸĸĸĸĸĸĸĸĸĸĸĸĸĸĸĸĸĸĸĸĸĸĸĸĸĸĸĸĸĸĸĸĸĸĸĸĸĸĸĸĸĸĸĸĸĸĸĸĸĸĸĸĸĸĸĸĸĸĸĸĸĸĸĸĸĸĸĸĸĸĸĸĸĸĸĸĸĸĸĸĸĸĸĸĸĸĸĸĸĸĸĸĸĸĸĸĸĸĸĸĸĸĸĸĸĸĸĸĸĸĸĸĸĸĸĸĸĸĸĸĸĸĸĸĸĸĸĸĸĸĸĸĸĸĸĸĸĸĸĸĸĸĸĸĸĸĸĸĸĸĸĸĸĸĸĸĸĸĸĸĸĸĸĸĸĸĸĸĸĸĸĸĸĸĸĸĸĸĸĸĸĸĸĸĸĸĸĸĸĸĸĸĸĸĸĸĸĸĸĸĸĸĸĸĸĸĸĸĸĸĸĸĸĸĸĸĸĸĸĸĸĸĸĸĸĸĸĸĸĸĸĸĸĸĸĸĸĸĸĸĸĸĸĸĸĸĸĸĸĸĸĸĸĸĸĸĸĸĸĸĸĸĸĸĸĸĸĸĸĸĸĸĸĸĸĸĸĸĸĸĸĸĸĸĸĸĸĸĸĸĸĸĸĸĸĸĸĸĸĸĸĸĸĸĸĸĸĸĸĸĸĸĸĸĸĸĸĸĸĸĸĸĸĸĸĸĸĸĸĸĸĸĸĸĸĸĸĸĸĸĸĸĸĸĸĸĸĸĸĸĸĸĸĸĸĸĸĸĸĸĸĸĸĸĸĸĸĸĸĸĸĸĸĸĸĸĸĸĸĸĸĸĸĸĸĸĸĸĸĸĸĸĸĸĸĸĸĸĸĸĸĸĸĸĸĸĸĸĸĸĸĸĸĸĸĸĸĸĸĸĸĸĸĸĸĸĸĸĸĸĸĸĸĸĸĸĸĸĸĸĸĸĸĸĸĸĸĸĸĸĸĸĸĸĸĸĸĸĸĸĸĸĸĸĸĸĸĸĸĸĸĸĸĸĸĸĸĸĸĸĸĸĸĸĸĸĸĸĸĸĸĸĸĸĸĸĸĸĸĸĸĸĸĸĸĸĸĸĸĸĸĸĸĸĸĸĸĸĸĸĸĸĸĸĸĸĸĸĸĸĸĸĸĸĸĸĸĸĸĸĸĸĸĸĸĸĸĸĸĸĸĸĸĸĸĸĸĸĸĸĸĸĸĸĸĸĸĸĸĸĸĸĸĸĸĸĸĸĸĸĸĸĸĸĸĸĸĸĸĸĸĸĸĸĸĸĸĸĸĸĸĸĸĸĸĸĸĸĸĸĸĸĸĸĸĸĸĸĸĸĸĸĸĸĸĸĸĸĸĸĸĸĸĸĸĸĸĸĸĸĸĸĸĸĸĸĸĸĸĸĸĸĸĸĸĸĸĸĸĸĸĸĸĸĸĸĸĸĸĸĸĸĸĸĸĸĸĸĸĸĸĸĸĸĸĸĸĸĸĸĸĸĸĸĸĸĸĸĸĸĸĸĸĸĸĸĸĸĸĸĸĸĸĸĸĸĸĸĸĸĸĸĸĸĸĸĸĸĸĸĸĸĸĸĸĸĸĸĸĸĸĸĸĸĸĸĸĸĸĸĸĸĸĸĸĸĸĸĸĸĸĸĸĸĸĸĸĸĸĸĸĸĸĸĸĸĸĸĸĸĸĸĸĸĸĸĸĸĸĸĸĸĸĸĸĸĸĸĸĸĸĸĸĸĸĸĸĸĸĸĸĸĸĸĸĸĸĸĸĸĸĸĸĸĸĸĸĸĸĸĸĸĸĸĸĸĸĸĸĸĸĸĸĸĸĸĸĸĸĸĸĸĸĸĸĸĸĸĸĸĸĸĸĸĸĸĸĸĸĸĸĸĸĸĸĸĸĸĸĸĸĸĸĸĸĸĸĸĸĸĸĸĸĸĸĸĸĸĸĸĸĸĸĸĸĸĸĸĸĸĸĸĸĸĸĸĸĸĸĸĸĸĸĸĸĸĸĸĸĸĸĸĸĸĸĸĸĸĸĸĸĸĸĸĸĸĸĸĸĸĸĸĸĸĸĸĸĸĸĸĸĸĸĸĸĸĸĸĸĸĸĸĸĸĸĸĸĸĸĸĸĸĸĸĸĸĸĸĸĸĸĸĸĸĸĸĸĸĸĸĸĸĸĸĸĸĸĸĸĸĸĸĸĸĸĸĸĸĸĸĸĸĸĸĸĸĸĸĸĸĸĸĸĸĸĸĸĸĸĸĸĸĸĸĸĸĸĸĸĸĸĸĸĸĸĸĸĸĸĸĸĸĸĸĸĸĸĸĸĸĸĸĸĸĸĸĸĸĸĸĸĸĸĸĸĸĸĸĸĸĸĸĸĸĸĸĸĸĸĸĸĸĸĸĸĸĸĸĸĸĸĸĸĸĸĸĸĸĸĸĸĸĸĸĸĸĸĸĸĸĸĸĸĸĸĸĸĸĸĸĸĸĸĸĸĸĸĸĸĸĸĸĸĸĸĸĸĸĸĸĸĸĸĸĸĸĸĸĸĸĸĸĸĸĸĸĸĸĸĸĸĸĸĸĸĸĸĸĸĸĸĸĸĸĸĸĸĸĸĸĸĸĸĸĸĸĸĸĸĸĸĸĸĸĸĸĸĸĸĸĸĸĸĸĸĸĸĸĸĸĸĸĸĸĸĸĸĸĸĸĸĸĸĸĸĸĸĸĸĸĸĸĸĸĸĸĸĸĸĸĸĸĸĸĸĸĸĸĸĸĸĸĸĸĸĸĸĸĸĸĸĸĸĸĸĸĸĸĸĸĸĸĸĸĸĸĸĸĸĸĸĸĸĸĸĸĸĸĸĸĸĸĸĸĸĸĸĸĸĸĸĸĸĸĸĸĸĸĸĸĸĸĸĸĸĸĸĸĸĸĸĸĸĸĸĸĸĸĸĸĸĸĸĸĸĸĸĸĸĸĸĸĸĸĸĸĸĸĸĸĸĸĸĸĸĸĸĸĸĸĸĸĸĸĸĸĸĸĸĸĸĸĸĸĸĸĸĸĸĸĸĸ